date,hod,mcount
2020-04-17 18:03:40,18,1
2020-04-17 14:09:24,14,1
2020-04-15 11:31:29,11,1
2020-04-15 09:53:14,9,1
2020-04-07 12:40:28,12,1
2020-04-06 22:11:20,22,1
2020-04-06 22:11:03,22,1
2020-04-06 17:40:09,17,1
2020-04-06 14:04:50,14,1
2020-04-03 12:25:54,12,1
2020-04-03 08:44:28,8,1
2020-04-02 20:28:04,20,1
2020-03-31 15:12:38,15,1
2020-03-29 21:49:28,21,1
2020-03-29 13:06:15,13,1
2020-03-28 11:41:11,11,1
2020-03-28 11:26:10,11,1
2020-03-28 11:24:39,11,1
2020-03-27 18:41:59,18,1
2020-03-27 18:06:33,18,1
2020-03-27 14:54:22,14,1
2020-03-26 12:07:46,12,1
2020-03-26 12:04:45,12,1
2020-03-26 11:58:23,11,1
2020-03-26 11:56:13,11,1
2020-03-25 13:22:12,13,1
2020-03-25 13:21:21,13,1
2020-03-24 23:18:38,23,1
2020-03-24 19:55:25,19,1
2020-03-23 00:44:47,0,1
2020-03-17 13:56:51,13,1
2020-03-16 07:52:41,7,1
2020-03-15 17:57:19,17,1
2020-03-15 17:44:16,17,1
2020-03-12 07:35:23,7,1
2020-03-09 21:16:52,21,1
2020-02-21 09:12:49,9,1
2020-02-21 08:37:31,8,1
2020-02-21 08:36:29,8,1
2020-02-21 07:36:14,7,1
2020-02-19 21:42:26,21,1
2020-02-19 21:16:20,21,1
2020-02-19 21:15:02,21,1
2020-02-09 18:04:56,18,1
2020-02-05 00:40:29,0,1
2020-01-22 12:58:45,12,1
2020-01-16 10:48:56,10,1
2020-01-11 16:17:52,16,1
2019-11-18 09:15:08,9,1
2019-11-18 09:14:59,9,1
2019-11-17 12:31:36,12,1
2019-10-31 13:00:26,13,1
2019-10-23 10:04:45,10,1
2019-10-18 17:06:36,17,1
2019-10-17 16:42:05,16,1
2019-10-17 08:25:24,8,1
2019-10-02 12:01:50,12,1
2019-09-30 22:17:39,22,1
2019-09-30 10:46:59,10,1
2019-09-30 08:56:33,8,1
2019-09-30 05:55:18,5,1
2019-09-27 15:38:49,15,1
2019-09-26 17:35:46,17,1
2019-09-23 20:43:01,20,1
2019-09-16 13:51:39,13,1
2019-09-11 06:35:00,6,1
2019-09-09 09:30:53,9,1
2019-09-03 16:17:48,16,1
2019-08-30 07:21:31,7,1
2019-08-28 05:37:50,5,1
2019-08-24 19:41:22,19,1
2019-08-21 19:10:32,19,1
2019-08-18 09:31:29,9,1
2019-08-15 20:16:33,20,1
2019-07-26 13:44:54,13,1
2019-07-24 08:25:24,8,1
2019-07-15 07:16:09,7,1
2019-07-15 07:15:59,7,1
2019-07-12 08:38:37,8,1
2019-07-10 15:41:43,15,1
2019-07-10 15:35:19,15,1
2019-07-10 12:10:59,12,1
2019-07-10 12:04:16,12,1
2019-07-10 12:03:46,12,1
2019-07-10 08:50:15,8,1
2019-07-10 08:49:51,8,1
2019-07-10 08:46:18,8,1
2019-07-10 05:39:32,5,1
2019-07-08 12:53:07,12,1
2019-07-08 12:52:20,12,1
2019-07-05 05:52:26,5,1
2019-07-02 17:37:52,17,1
2019-07-02 16:39:12,16,1
2019-07-02 16:38:57,16,1
2019-07-01 14:51:49,14,1
2019-07-01 14:51:32,14,1
2019-06-28 07:21:39,7,1
2019-06-28 07:21:33,7,1
2019-06-28 06:37:34,6,1
2019-06-28 06:37:25,6,1
2019-06-27 11:24:22,11,1
2019-06-27 10:35:09,10,1
2019-06-27 07:28:15,7,1
2019-06-25 06:30:31,6,1
2019-06-20 15:18:05,15,1
2019-06-20 15:17:46,15,1
2019-06-20 15:17:18,15,1
2019-06-20 15:17:06,15,1
2019-06-18 18:05:15,18,1
2019-06-11 11:34:23,11,1
2019-06-11 11:06:02,11,1
2019-06-06 10:12:08,10,1
2019-06-06 06:31:03,6,1
2019-06-04 06:26:35,6,1
2019-06-04 05:47:32,5,1
2019-05-29 08:03:02,8,1
2019-05-23 08:08:02,8,1
2019-05-23 08:07:13,8,1
2019-05-22 15:23:39,15,1
2019-05-22 15:14:32,15,1
2019-05-22 13:24:32,13,1
2019-05-22 13:23:19,13,1
2019-05-22 12:23:24,12,1
2019-05-22 08:08:58,8,1
2019-05-22 08:08:48,8,1
2019-05-21 21:11:12,21,1
2019-05-21 21:10:56,21,1
2019-05-21 21:10:42,21,1
2019-05-21 21:10:10,21,1
2019-05-21 21:09:48,21,1
2019-05-20 15:49:49,15,1
2019-05-20 08:03:05,8,1
2019-05-20 08:02:43,8,1
2019-05-20 08:02:25,8,1
2019-05-20 08:02:07,8,1
2019-05-20 08:01:48,8,1
2019-05-20 08:00:59,8,1
2019-05-20 07:59:13,7,1
2019-05-19 15:24:26,15,1
2019-05-19 15:23:44,15,1
2019-05-19 15:07:04,15,1
2019-05-15 12:21:37,12,1
2019-05-09 11:46:18,11,1
2019-05-09 11:44:56,11,1
2019-05-09 11:43:43,11,1
2019-05-09 11:42:53,11,1
2019-05-09 11:42:24,11,1
2019-05-09 07:21:41,7,1
2019-05-09 07:18:56,7,1
2019-05-07 17:11:16,17,1
2019-05-07 17:10:58,17,1
2019-05-07 17:10:23,17,1
2019-05-07 17:09:40,17,1
2019-05-07 17:08:44,17,1
2019-05-07 17:07:56,17,1
2019-05-07 17:07:05,17,1
2019-05-07 17:06:43,17,1
2019-05-07 17:05:18,17,1
2019-05-07 17:04:56,17,1
2019-05-07 17:04:05,17,1
2019-05-07 17:03:26,17,1
2019-05-07 17:03:08,17,1
2019-05-07 17:02:00,17,1
2019-05-07 17:01:19,17,1
2019-05-07 17:00:07,17,1
2019-05-07 16:59:01,16,1
2019-05-07 16:56:41,16,1
2019-05-07 16:54:12,16,1
2019-05-07 16:53:12,16,1
2019-05-07 16:52:06,16,1
2019-05-07 16:51:28,16,1
2019-05-07 16:49:40,16,1
2019-05-07 16:48:10,16,1
2019-05-07 16:47:34,16,1
2019-05-07 16:46:48,16,1
2019-05-07 12:08:02,12,1
2019-05-07 07:56:10,7,1
2019-04-17 04:36:17,4,1
2019-04-04 10:50:55,10,1
2019-03-22 09:57:12,9,1
2019-03-21 15:56:42,15,1
2019-03-21 15:55:16,15,1
2019-02-20 15:33:35,15,1
2019-02-14 20:05:50,20,1
2019-02-07 13:51:31,13,1
2019-02-05 16:34:42,16,1
2019-02-05 12:42:39,12,1
2019-02-05 09:59:51,9,1
2019-02-05 09:59:46,9,1
2019-02-04 16:19:24,16,1
2019-02-04 16:18:46,16,1
2019-02-04 16:16:50,16,1
2019-01-23 18:21:32,18,1
2019-01-12 10:16:38,10,1
2019-01-10 14:55:11,14,1
2019-01-08 13:21:28,13,1
2019-01-08 11:02:50,11,1
2019-01-08 11:02:50,11,1
2019-01-08 10:59:25,10,1
2018-12-20 19:32:33,19,1
2018-12-19 15:30:46,15,1
2018-12-18 23:15:01,23,1
2018-12-12 17:06:48,17,1
2018-12-07 14:55:06,14,1
2018-12-07 13:25:58,13,1
2018-12-07 13:25:26,13,1
2018-12-06 21:42:19,21,1
2018-12-06 21:41:01,21,1
2018-12-03 20:06:51,20,1
2018-11-30 19:54:02,19,1
2018-11-28 17:29:45,17,1
2018-11-28 17:03:25,17,1
2018-11-28 17:03:05,17,1
2018-11-28 15:54:58,15,1
2018-11-27 21:50:10,21,1
2018-11-27 14:42:40,14,1
2018-11-23 22:45:43,22,1
2018-11-22 16:10:08,16,1
2018-11-17 06:59:21,6,1
2018-11-15 20:56:46,20,1
2018-11-13 16:23:31,16,1
2018-11-13 15:24:35,15,1
2018-11-11 14:54:27,14,1
2018-11-08 18:06:34,18,1
2018-10-21 20:31:43,20,1
2018-10-03 21:20:52,21,1
2018-09-29 21:20:46,21,1
2018-09-26 20:58:39,20,1
2018-09-26 20:56:49,20,1
2018-09-26 18:05:00,18,1
2018-09-25 22:54:37,22,1
2018-09-23 06:00:13,6,1
2018-09-22 12:38:03,12,1
2018-09-18 20:03:04,20,1
2018-09-17 16:12:30,16,1
2018-09-17 16:08:56,16,1
2018-09-17 14:12:56,14,1
2018-09-17 13:47:54,13,1
2018-09-17 13:47:04,13,1
2018-09-17 13:45:27,13,1
2018-09-17 13:39:46,13,1
2018-09-17 13:38:42,13,1
2018-09-17 13:36:16,13,1
2018-09-17 13:35:01,13,1
2018-09-14 17:37:32,17,1
2018-09-09 06:22:22,6,1
2018-09-05 20:49:23,20,1
2018-09-04 18:31:25,18,1
2018-08-30 13:32:22,13,1
2018-08-30 13:07:53,13,1
2018-08-27 20:27:38,20,1
2018-08-27 20:25:20,20,1
2018-08-25 18:27:28,18,1
2018-08-23 14:45:24,14,1
2018-08-23 12:18:22,12,1
2018-08-22 08:32:40,8,1
2018-08-20 12:10:25,12,1
2018-08-20 09:07:06,9,1
2018-08-20 08:23:30,8,1
2018-08-16 21:02:09,21,1
2018-08-14 05:57:52,5,1
2018-08-03 11:08:04,11,1
2018-08-03 10:14:25,10,1
2018-08-02 19:22:44,19,1
2018-08-02 18:10:08,18,1
2018-07-31 08:00:02,8,1
2018-07-29 18:30:39,18,1
2018-07-28 11:08:14,11,1
2018-07-28 11:07:55,11,1
2018-07-24 10:54:26,10,1
2018-07-24 08:52:46,8,1
2018-07-24 08:50:28,8,1
2018-07-23 08:11:53,8,1
2018-07-22 20:23:29,20,1
2018-07-22 18:19:18,18,1
2018-07-22 18:17:45,18,1
2018-07-13 11:10:45,11,1
2018-07-06 08:55:48,8,1
2018-07-05 22:12:51,22,1
2018-07-03 09:17:30,9,1
2018-06-26 17:13:16,17,1
2018-06-25 11:59:55,11,1
2018-06-25 07:13:47,7,1
2018-06-22 22:02:37,22,1
2018-06-21 19:23:04,19,1
2018-06-20 13:35:17,13,1
2018-06-19 15:35:45,15,1
2018-06-19 15:34:39,15,1
2018-06-15 17:46:02,17,1
2018-06-15 17:32:52,17,1
2018-06-15 17:14:51,17,1
2018-06-15 09:12:40,9,1
2018-06-13 12:56:19,12,1
2018-06-13 12:39:03,12,1
2018-06-13 12:30:05,12,1
2018-06-13 11:37:59,11,1
2018-06-12 10:26:43,10,1
2018-06-12 10:25:21,10,1
2018-06-11 08:39:05,8,1
2018-06-10 18:12:38,18,1
2018-06-06 18:59:06,18,1
2018-06-06 17:52:43,17,1
2018-05-30 14:49:17,14,1
2018-05-26 16:43:43,16,1
2018-05-26 15:09:39,15,1
2018-05-24 18:39:09,18,1
2018-05-23 22:50:23,22,1
2018-05-16 21:44:27,21,1
2018-05-13 18:24:53,18,1
2018-05-13 12:18:04,12,1
2018-05-05 10:49:12,10,1
2018-05-04 11:51:23,11,1
2018-05-04 11:50:36,11,1
2018-05-04 11:50:23,11,1
2018-05-04 11:47:27,11,1
2018-05-04 11:47:07,11,1
2018-05-04 11:46:52,11,1
2018-05-04 11:46:48,11,1
2018-05-04 11:44:21,11,1
2018-05-04 11:43:28,11,1
2018-05-04 11:42:40,11,1
2018-05-04 11:42:03,11,1
2018-05-04 11:34:44,11,1
2018-05-04 11:34:07,11,1
2018-05-04 11:32:43,11,1
2018-05-04 11:32:32,11,1
2018-05-04 11:30:48,11,1
2018-05-04 11:29:46,11,1
2018-05-03 11:07:28,11,1
2018-05-03 08:39:30,8,1
2018-05-03 06:43:54,6,1
2018-05-03 06:42:26,6,1
2018-05-01 08:58:09,8,1
2018-05-01 08:57:51,8,1
2018-04-30 16:51:49,16,1
2018-04-28 09:57:25,9,1
2018-04-25 21:45:39,21,1
2018-04-24 15:53:02,15,1
2018-04-23 21:33:38,21,1
2018-04-22 17:58:28,17,1
2018-04-22 13:25:56,13,1
2018-04-21 12:36:19,12,1
2018-04-21 08:50:39,8,1
2018-04-20 14:01:39,14,1
2018-04-19 21:24:49,21,1
2018-04-17 14:39:14,14,1
2018-04-17 14:36:51,14,1
2018-04-17 13:37:02,13,1
2018-04-17 11:37:55,11,1
2018-04-17 11:37:05,11,1
2018-04-17 11:35:07,11,1
2018-04-09 06:41:11,6,1
2018-04-04 21:08:49,21,1
2018-04-04 17:53:27,17,1
2018-04-04 17:08:09,17,1
2018-04-04 14:23:23,14,1
2018-04-04 14:23:02,14,1
2018-04-04 13:45:26,13,1
2018-04-04 12:39:47,12,1
2018-04-04 12:39:02,12,1
2018-04-04 11:45:04,11,1
2018-04-04 11:44:26,11,1
2018-04-04 08:38:56,8,1
2018-04-04 07:42:11,7,1
2018-04-03 18:06:59,18,1
2018-04-03 18:06:36,18,1
2018-03-29 13:29:03,13,1
2018-03-19 09:40:52,9,1
2018-03-16 17:27:02,17,1
2018-03-16 15:41:43,15,1
2018-03-16 10:55:29,10,1
2018-03-15 20:12:50,20,1
2018-03-14 21:11:32,21,1
2018-03-13 22:15:36,22,1
2018-03-11 20:47:28,20,1
2018-03-09 09:54:41,9,1
2018-03-09 09:49:29,9,1
2018-03-08 17:15:57,17,1
2018-03-07 20:14:54,20,1
2018-03-07 07:48:09,7,1
2018-03-06 22:39:31,22,1
2018-03-06 22:16:57,22,1
2018-03-06 15:58:40,15,1
2018-03-06 15:49:20,15,1
2018-03-06 15:47:20,15,1
2018-03-06 15:19:37,15,1
2018-03-06 11:07:18,11,1
2018-03-06 09:40:00,9,1
2018-03-06 09:39:48,9,1
2018-03-04 08:02:19,8,1
2018-03-03 22:25:17,22,1
2018-03-02 11:46:12,11,1
2018-03-02 08:49:29,8,1
2018-03-01 21:25:35,21,1
2018-03-01 19:56:06,19,1
2018-03-01 19:47:10,19,1
2018-03-01 19:42:26,19,1
2018-03-01 19:19:49,19,1
2018-02-26 20:59:30,20,1
2018-02-26 20:47:49,20,1
2018-02-25 17:42:35,17,1
2018-02-24 15:02:19,15,1
2018-02-22 14:14:25,14,1
2018-02-21 06:58:22,6,1
2018-02-20 20:04:12,20,1
2018-02-18 19:35:29,19,1
2018-02-11 21:51:40,21,1
2018-02-09 13:33:23,13,1
2018-02-09 13:33:07,13,1
2018-02-07 16:38:32,16,1
2018-02-03 09:32:54,9,1
2018-02-02 06:16:05,6,1
2018-02-01 16:53:02,16,1
2018-01-28 20:58:02,20,1
2018-01-25 19:03:36,19,1
2018-01-25 18:00:10,18,1
2018-01-25 17:13:59,17,1
2018-01-25 06:42:55,6,1
2018-01-23 07:42:52,7,1
2018-01-22 18:50:20,18,1
2018-01-18 10:21:40,10,1
2018-01-17 16:08:59,16,1
2018-01-16 15:41:43,15,1
2018-01-16 15:35:25,15,1
2018-01-14 20:13:26,20,1
2018-01-12 09:55:09,9,1
2018-01-10 21:35:28,21,1
2018-01-10 12:04:12,12,1
2018-01-10 07:31:09,7,1
2018-01-09 16:08:29,16,1
2018-01-08 22:49:59,22,1
2018-01-08 22:28:24,22,1
2018-01-08 16:58:12,16,1
2018-01-07 20:29:35,20,1
2018-01-06 13:55:48,13,1
2018-01-03 15:01:22,15,1
2018-01-02 20:17:37,20,1
2017-12-30 20:25:48,20,1
2017-12-30 17:48:41,17,1
2017-12-30 17:03:55,17,1
2017-12-30 16:30:55,16,1
2017-12-28 15:30:10,15,1
2017-12-28 15:30:04,15,1
2017-12-28 13:23:20,13,1
2017-12-27 13:03:54,13,1
2017-12-27 13:02:58,13,1
2017-12-23 13:40:15,13,1
2017-12-21 08:34:15,8,1
2017-12-19 15:39:07,15,1
2017-12-16 17:31:11,17,1
2017-12-15 13:09:42,13,1
2017-12-15 11:28:32,11,1
2017-12-15 07:48:38,7,1
2017-12-14 22:55:08,22,1
2017-12-13 11:06:36,11,1
2017-12-13 11:06:23,11,1
2017-12-12 23:40:38,23,1
2017-12-12 14:06:24,14,1
2017-12-10 17:44:46,17,1
2017-12-10 17:41:52,17,1
2017-12-06 11:25:15,11,1
2017-12-05 21:53:40,21,1
2017-12-02 01:38:38,1,1
2017-11-30 22:18:47,22,1
2017-11-29 14:08:53,14,1
2017-11-29 12:43:04,12,1
2017-11-29 10:38:21,10,1
2017-11-29 08:11:28,8,1
2017-11-27 14:44:25,14,1
2017-11-26 17:58:39,17,1
2017-11-26 13:27:21,13,1
2017-11-26 10:49:39,10,1
2017-11-26 10:48:19,10,1
2017-11-25 21:14:56,21,1
2017-11-24 12:52:20,12,1
2017-11-20 21:33:13,21,1
2017-11-20 20:31:11,20,1
2017-11-20 20:30:08,20,1
2017-11-20 20:22:24,20,1
2017-11-20 17:18:11,17,1
2017-11-19 21:15:21,21,1
2017-11-19 12:51:54,12,1
2017-11-19 12:49:52,12,1
2017-11-18 11:31:27,11,1
2017-11-16 08:41:28,8,1
2017-11-15 15:40:42,15,1
2017-11-13 22:00:05,22,1
2017-11-13 12:38:38,12,1
2017-11-11 13:36:49,13,1
2017-11-11 13:35:40,13,1
2017-11-11 08:43:51,8,1
2017-11-10 15:32:13,15,1
2017-11-10 15:21:53,15,1
2017-11-09 15:13:08,15,1
2017-11-08 22:52:05,22,1
2017-11-08 17:21:14,17,1
2017-11-07 21:19:37,21,1
2017-11-07 16:31:32,16,1
2017-11-06 22:09:04,22,1
2017-11-06 19:38:19,19,1
2017-11-06 09:33:54,9,1
2017-11-05 20:27:23,20,1
2017-11-05 18:56:18,18,1
2017-11-05 18:55:04,18,1
2017-11-05 09:42:11,9,1
2017-11-01 16:16:06,16,1
2017-10-31 00:56:53,0,1
2017-10-27 14:27:52,14,1
2017-10-26 13:35:55,13,1
2017-10-26 09:54:50,9,1
2017-10-23 22:04:56,22,1
2017-10-23 22:00:53,22,1
2017-10-20 21:15:52,21,1
2017-10-20 17:34:36,17,1
2017-10-20 15:28:14,15,1
2017-10-18 19:58:06,19,1
2017-10-17 16:22:52,16,1
2017-10-17 15:48:53,15,1
2017-10-17 06:19:43,6,1
2017-10-16 20:11:04,20,1
2017-10-16 19:06:56,19,1
2017-10-15 17:48:47,17,1
2017-10-15 12:55:02,12,1
2017-10-15 12:51:24,12,1
2017-10-12 18:48:51,18,1
2017-10-11 09:34:07,9,1
2017-10-09 16:37:22,16,1
2017-10-09 16:35:24,16,1
2017-10-09 14:05:10,14,1
2017-10-05 19:05:48,19,1
2017-10-04 18:35:01,18,1
2017-10-03 17:11:08,17,1
2017-10-02 18:26:04,18,1
2017-10-02 18:25:47,18,1
2017-09-29 11:27:14,11,1
2017-09-29 06:11:04,6,1
2017-09-28 15:54:52,15,1
2017-09-28 15:53:59,15,1
2017-09-28 15:29:17,15,1
2017-09-28 14:04:55,14,1
2017-09-28 14:04:24,14,1
2017-09-27 21:01:13,21,1
2017-09-27 17:30:14,17,1
2017-09-27 13:07:11,13,1
2017-09-27 08:28:24,8,1
2017-09-27 06:56:10,6,1
2017-09-27 06:40:21,6,1
2017-09-27 06:15:27,6,1
2017-09-27 06:14:14,6,1
2017-09-26 13:02:28,13,1
2017-09-25 17:50:32,17,1
2017-09-22 08:27:55,8,1
2017-09-22 08:26:11,8,1
2017-09-21 13:18:01,13,1
2017-09-20 21:26:40,21,1
2017-09-20 21:00:22,21,1
2017-09-20 15:09:16,15,1
2017-09-17 21:03:31,21,1
2017-09-17 20:18:18,20,1
2017-09-17 12:32:43,12,1
2017-09-16 08:36:43,8,1
2017-09-16 08:36:32,8,1
2017-09-15 15:30:28,15,1
2017-09-15 11:25:26,11,1
2017-09-15 10:54:08,10,1
2017-09-15 10:53:53,10,1
2017-09-14 16:31:54,16,1
2017-09-14 15:47:31,15,1
2017-09-14 15:42:51,15,1
2017-09-14 15:31:21,15,1
2017-09-14 14:23:50,14,1
2017-09-13 16:30:19,16,1
2017-09-10 20:24:22,20,1
2017-09-07 19:43:16,19,1
2017-09-07 10:19:21,10,1
2017-09-06 14:18:06,14,1
2017-09-06 13:52:32,13,1
2017-09-06 13:48:11,13,1
2017-09-06 10:16:45,10,1
2017-09-06 09:24:32,9,1
2017-09-05 09:19:38,9,1
2017-09-04 19:31:27,19,1
2017-09-04 12:41:29,12,1
2017-09-04 10:19:08,10,1
2017-09-04 10:01:24,10,1
2017-09-04 09:56:34,9,1
2017-09-04 09:54:24,9,1
2017-09-04 08:39:48,8,1
2017-09-04 08:35:25,8,1
2017-09-04 08:28:24,8,1
2017-09-04 08:12:50,8,1
2017-09-04 08:11:00,8,1
2017-09-03 18:52:26,18,1
2017-09-03 12:53:19,12,1
2017-09-03 11:26:33,11,1
2017-09-03 11:23:29,11,1
2017-09-03 11:09:27,11,1
2017-09-03 11:04:49,11,1
2017-09-03 11:03:56,11,1
2017-09-03 10:58:02,10,1
2017-09-03 10:57:38,10,1
2017-09-03 10:56:38,10,1
2017-09-03 10:49:37,10,1
2017-09-03 00:45:12,0,1
2017-09-02 19:03:26,19,1
2017-08-31 14:45:55,14,1
2017-08-30 23:08:44,23,1
2017-08-30 17:50:28,17,1
2017-08-27 10:19:19,10,1
2017-08-27 10:15:59,10,1
2017-08-24 21:49:58,21,1
2017-08-24 21:47:40,21,1
2017-08-24 21:45:20,21,1
2017-08-24 21:44:56,21,1
2017-08-23 22:13:11,22,1
2017-08-23 22:03:54,22,1
2017-08-23 21:49:14,21,1
2017-08-23 21:45:39,21,1
2017-08-23 07:15:00,7,1
2017-08-23 07:13:44,7,1
2017-08-21 19:51:26,19,1
2017-08-21 19:50:41,19,1
2017-08-21 17:10:33,17,1
2017-08-17 21:39:40,21,1
2017-08-16 21:10:26,21,1
2017-08-15 22:43:54,22,1
2017-08-10 21:54:12,21,1
2017-08-09 21:08:14,21,1
2017-08-09 21:07:39,21,1
2017-08-09 15:44:00,15,1
2017-08-09 13:03:14,13,1
2017-08-09 09:32:36,9,1
2017-08-09 09:30:18,9,1
2017-08-09 09:27:22,9,1
2017-08-09 09:27:07,9,1
2017-08-09 09:22:28,9,1
2017-08-08 15:03:02,15,1
2017-08-08 15:02:40,15,1
2017-08-08 14:01:25,14,1
2017-08-08 13:30:26,13,1
2017-08-08 13:24:52,13,1
2017-08-06 22:09:57,22,1
2017-08-06 22:07:05,22,1
2017-08-06 20:37:10,20,1
2017-08-04 09:54:47,9,1
2017-08-03 21:51:15,21,1
2017-08-03 18:10:36,18,1
2017-08-03 18:10:19,18,1
2017-08-03 17:52:39,17,1
2017-08-03 17:51:42,17,1
2017-08-01 14:24:33,14,1
2017-08-01 13:37:31,13,1
2017-08-01 12:27:39,12,1
2017-07-31 20:42:34,20,1
2017-07-31 10:59:04,10,1
2017-07-31 10:43:11,10,1
2017-07-31 10:31:37,10,1
2017-07-30 11:52:33,11,1
2017-07-30 11:41:40,11,1
2017-07-30 11:32:30,11,1
2017-07-30 11:30:24,11,1
2017-07-30 11:12:03,11,1
2017-07-29 23:41:03,23,1
2017-07-29 17:14:23,17,1
2017-07-28 13:20:16,13,1
2017-07-26 18:31:34,18,1
2017-07-26 18:31:23,18,1
2017-07-26 18:31:05,18,1
2017-07-26 16:56:39,16,1
2017-07-26 16:48:22,16,1
2017-07-26 14:33:47,14,1
2017-07-26 13:59:47,13,1
2017-07-26 13:59:03,13,1
2017-07-25 21:48:55,21,1
2017-07-25 20:18:47,20,1
2017-07-25 17:03:29,17,1
2017-07-23 21:43:01,21,1
2017-07-23 13:19:15,13,1
2017-07-23 12:05:19,12,1
2017-07-23 12:04:48,12,1
2017-07-23 10:09:22,10,1
2017-07-22 23:58:30,23,1
2017-07-22 17:20:57,17,1
2017-07-20 00:14:04,0,1
2017-07-20 00:13:46,0,1
2017-07-19 14:46:13,14,1
2017-07-16 09:58:36,9,1
2017-07-12 09:53:53,9,1
2017-07-12 09:19:00,9,1
2017-07-11 06:54:56,6,1
2017-07-08 22:59:14,22,1
2017-07-08 22:59:05,22,1
2017-07-07 10:09:09,10,1
2017-07-05 17:16:48,17,1
2017-07-05 09:13:05,9,1
2017-07-04 08:24:43,8,1
2017-07-03 20:20:23,20,1
2017-07-01 09:59:13,9,1
2017-06-30 19:42:28,19,1
2017-06-30 14:37:03,14,1
2017-06-28 22:16:21,22,1
2017-06-28 22:14:27,22,1
2017-06-22 09:29:04,9,1
2017-06-22 09:13:33,9,1
2017-06-22 09:10:08,9,1
2017-06-20 16:31:41,16,1
2017-06-20 12:14:21,12,1
2017-06-20 10:23:26,10,1
2017-06-20 10:05:15,10,1
2017-06-18 19:48:55,19,1
2017-06-16 15:50:10,15,1
2017-06-16 15:46:41,15,1
2017-06-16 15:18:54,15,1
2017-06-16 15:18:47,15,1
2017-06-16 15:18:31,15,1
2017-06-16 09:40:19,9,1
2017-06-16 08:49:55,8,1
2017-06-16 08:47:51,8,1
2017-06-16 07:06:37,7,1
2017-06-16 07:04:57,7,1
2017-06-16 07:02:23,7,1
2017-06-16 06:56:17,6,1
2017-06-15 13:50:36,13,1
2017-06-15 13:28:44,13,1
2017-06-15 13:28:24,13,1
2017-06-14 17:35:25,17,1
2017-06-14 17:35:06,17,1
2017-06-14 10:12:15,10,1
2017-06-14 10:09:44,10,1
2017-06-13 15:18:35,15,1
2017-06-13 13:38:02,13,1
2017-06-13 13:37:47,13,1
2017-06-13 12:27:33,12,1
2017-06-11 09:42:10,9,1
2017-06-11 09:39:59,9,1
2017-06-09 08:21:31,8,1
2017-06-08 07:45:33,7,1
2017-06-07 12:22:22,12,1
2017-06-07 09:56:46,9,1
2017-06-06 18:23:52,18,1
2017-06-06 13:07:42,13,1
2017-06-06 08:09:04,8,1
2017-06-06 00:15:01,0,1
2017-06-04 21:17:22,21,1
2017-06-04 20:22:47,20,1
2017-06-04 16:25:53,16,1
2017-06-04 15:40:33,15,1
2017-06-01 20:03:59,20,1
2017-05-29 21:03:09,21,1
2017-05-29 21:02:20,21,1
2017-05-24 09:37:01,9,1
2017-05-22 22:56:08,22,1
2017-05-22 22:55:54,22,1
2017-05-19 15:24:12,15,1
2017-05-18 06:39:16,6,1
2017-05-18 06:35:28,6,1
2017-05-17 19:25:21,19,1
2017-05-17 19:25:06,19,1
2017-05-16 21:15:20,21,1
2017-05-13 00:10:57,0,1
2017-05-12 22:28:19,22,1
2017-05-12 20:53:33,20,1
2017-05-12 20:06:43,20,1
2017-05-12 20:05:52,20,1
2017-05-12 20:05:40,20,1
2017-05-12 14:20:41,14,1
2017-05-12 12:23:49,12,1
2017-05-11 16:41:17,16,1
2017-05-11 15:29:30,15,1
2017-05-11 14:54:32,14,1
2017-05-11 12:38:14,12,1
2017-05-11 08:58:36,8,1
2017-05-10 18:36:45,18,1
2017-05-10 15:54:43,15,1
2017-05-10 03:02:34,3,1
2017-05-09 13:42:43,13,1
2017-05-09 08:17:13,8,1
2017-05-09 07:17:23,7,1
2017-05-09 06:41:45,6,1
2017-05-09 06:41:31,6,1
2017-05-08 20:49:41,20,1
2017-05-08 18:24:49,18,1
2017-05-08 10:14:52,10,1
2017-05-08 10:12:38,10,1
2017-05-07 21:50:40,21,1
2017-05-07 21:49:59,21,1
2017-05-06 16:54:10,16,1
2017-05-06 16:54:10,16,1
2017-05-06 16:54:10,16,1
2017-05-06 16:19:29,16,1
2017-05-06 16:18:46,16,1
2017-05-06 16:18:46,16,1
2017-05-06 15:50:47,15,1
2017-05-06 15:50:19,15,1
2017-05-06 15:47:33,15,1
2017-05-06 15:02:50,15,1
2017-05-06 14:06:13,14,1
2017-05-06 14:05:14,14,1
2017-05-06 14:03:19,14,1
2017-05-06 14:00:23,14,1
2017-05-06 13:59:38,13,1
2017-05-06 13:59:14,13,1
2017-05-06 13:58:53,13,1
2017-05-06 13:57:46,13,1
2017-05-06 13:57:15,13,1
2017-05-06 13:57:03,13,1
2017-05-06 13:56:00,13,1
2017-05-06 13:55:51,13,1
2017-05-06 13:55:08,13,1
2017-05-06 13:54:56,13,1
2017-05-06 13:54:31,13,1
2017-05-06 13:54:16,13,1
2017-05-06 13:01:47,13,1
2017-05-06 08:38:11,8,1
2017-05-05 20:59:59,20,1
2017-05-05 11:54:02,11,1
2017-05-04 13:33:41,13,1
2017-05-04 13:33:23,13,1
2017-05-04 13:33:05,13,1
2017-05-04 13:31:57,13,1
2017-05-04 13:31:38,13,1
2017-05-04 11:45:47,11,1
2017-05-04 11:45:38,11,1
2017-05-04 11:45:08,11,1
2017-05-04 11:42:51,11,1
2017-05-04 11:41:54,11,1
2017-05-04 11:41:33,11,1
2017-05-04 11:40:49,11,1
2017-05-04 11:40:15,11,1
2017-05-04 11:39:14,11,1
2017-05-04 11:38:57,11,1
2017-05-04 11:38:33,11,1
2017-05-04 11:37:47,11,1
2017-05-04 11:37:35,11,1
2017-05-04 11:37:18,11,1
2017-05-04 11:36:52,11,1
2017-05-04 11:36:42,11,1
2017-05-04 11:36:22,11,1
2017-05-04 07:37:00,7,1
2017-05-04 06:49:30,6,1
2017-05-04 06:47:25,6,1
2017-05-04 06:46:41,6,1
2017-05-04 06:46:18,6,1
2017-05-04 06:44:55,6,1
2017-05-04 06:44:34,6,1
2017-05-03 18:33:31,18,1
2017-05-03 18:17:55,18,1
2017-05-03 08:43:00,8,1
2017-05-03 06:47:22,6,1
2017-05-03 06:38:40,6,1
2017-05-02 19:04:15,19,1
2017-05-02 19:03:51,19,1
2017-05-02 18:53:57,18,1
2017-05-01 19:31:16,19,1
2017-05-01 19:30:07,19,1
2017-05-01 19:27:28,19,1
2017-04-28 12:47:54,12,1
2017-04-28 11:16:44,11,1
2017-04-28 09:41:12,9,1
2017-04-27 22:12:27,22,1
2017-04-27 20:51:40,20,1
2017-04-27 20:32:54,20,1
2017-04-27 15:15:44,15,1
2017-04-27 11:33:15,11,1
2017-04-27 09:10:02,9,1
2017-04-27 09:09:37,9,1
2017-04-26 17:59:25,17,1
2017-04-26 08:59:44,8,1
2017-04-26 08:31:18,8,1
2017-04-25 18:01:11,18,1
2017-04-25 18:00:10,18,1
2017-04-25 17:34:32,17,1
2017-04-25 16:31:57,16,1
2017-04-24 06:48:11,6,1
2017-04-23 22:22:22,22,1
2017-04-23 21:59:58,21,1
2017-04-23 21:58:08,21,1
2017-04-22 14:59:39,14,1
2017-04-21 17:30:59,17,1
2017-04-21 17:09:54,17,1
2017-04-20 14:15:43,14,1
2017-04-19 13:28:52,13,1
2017-04-18 12:50:25,12,1
2017-04-17 20:00:43,20,1
2017-04-17 17:44:55,17,1
2017-04-15 10:12:09,10,1
2017-04-14 19:50:33,19,1
2017-04-14 18:23:58,18,1
2017-04-14 18:01:02,18,1
2017-04-14 18:00:19,18,1
2017-04-14 08:14:57,8,1
2017-04-13 07:53:17,7,1
2017-04-13 07:52:52,7,1
2017-04-12 09:06:45,9,1
2017-04-10 17:28:49,17,1
2017-04-09 19:55:37,19,1
2017-04-09 19:53:01,19,1
2017-04-09 19:44:38,19,1
2017-04-09 19:38:24,19,1
2017-04-09 15:41:19,15,1
2017-04-07 13:54:58,13,1
2017-04-06 19:47:58,19,1
2017-04-06 19:41:02,19,1
2017-04-06 19:37:17,19,1
2017-04-05 17:35:09,17,1
2017-04-05 14:11:54,14,1
2017-04-05 12:34:02,12,1
2017-04-04 13:40:57,13,1
2017-04-04 09:52:59,9,1
2017-04-04 09:36:35,9,1
2017-04-04 09:34:33,9,1
2017-04-04 07:28:08,7,1
2017-04-04 07:27:58,7,1
2017-04-04 07:26:15,7,1
2017-04-03 21:05:22,21,1
2017-04-03 20:57:57,20,1
2017-04-03 20:57:19,20,1
2017-04-03 20:55:14,20,1
2017-04-03 20:54:36,20,1
2017-04-03 12:06:35,12,1
2017-04-02 22:46:32,22,1
2017-04-02 22:38:42,22,1
2017-03-30 14:22:06,14,1
2017-03-30 14:11:02,14,1
2017-03-30 07:13:07,7,1
2017-03-29 09:40:44,9,1
2017-03-27 17:57:31,17,1
2017-03-25 09:52:36,9,1
2017-03-24 08:20:35,8,1
2017-03-23 23:20:31,23,1
2017-03-23 23:05:32,23,1
2017-03-23 10:53:05,10,1
2017-03-23 09:18:51,9,1
2017-03-23 08:02:43,8,1
2017-03-23 07:56:59,7,1
2017-03-22 10:30:52,10,1
2017-03-22 07:39:10,7,1
2017-03-21 19:10:28,19,1
2017-03-21 19:10:15,19,1
2017-03-20 19:36:53,19,1
2017-03-20 13:02:23,13,1
2017-03-19 16:25:38,16,1
2017-03-19 13:00:34,13,1
2017-03-17 14:54:38,14,1
2017-03-17 14:54:31,14,1
2017-03-17 13:59:48,13,1
2017-03-17 13:42:32,13,1
2017-03-17 13:02:37,13,1
2017-03-17 12:54:45,12,1
2017-03-17 12:47:52,12,1
2017-03-17 11:37:54,11,1
2017-03-17 08:32:14,8,1
2017-03-17 08:31:24,8,1
2017-03-16 21:38:18,21,1
2017-03-16 21:22:49,21,1
2017-03-16 17:48:13,17,1
2017-03-16 16:36:34,16,1
2017-03-16 16:29:40,16,1
2017-03-16 16:28:54,16,1
2017-03-15 17:39:10,17,1
2017-03-13 17:09:46,17,1
2017-03-13 17:06:43,17,1
2017-03-13 14:03:38,14,1
2017-03-13 14:01:52,14,1
2017-03-13 10:31:18,10,1
2017-03-12 10:41:22,10,1
2017-03-11 23:41:05,23,1
2017-03-11 22:37:57,22,1
2017-03-11 09:54:56,9,1
2017-03-10 16:29:12,16,1
2017-03-10 16:03:04,16,1
2017-03-09 07:46:46,7,1
2017-03-08 10:25:39,10,1
2017-03-08 10:22:22,10,1
2017-03-08 09:24:24,9,1
2017-03-08 09:23:41,9,1
2017-03-08 08:21:47,8,1
2017-03-08 07:41:22,7,1
2017-03-07 18:34:13,18,1
2017-03-07 15:56:53,15,1
2017-03-07 15:49:23,15,1
2017-03-06 13:45:33,13,1
2017-03-06 13:44:57,13,1
2017-03-06 07:06:21,7,1
2017-03-04 11:28:45,11,1
2017-03-03 13:57:17,13,1
2017-03-03 13:41:10,13,1
2017-03-03 13:28:32,13,1
2017-03-03 12:43:26,12,1
2017-03-03 12:18:57,12,1
2017-03-03 09:18:44,9,1
2017-03-03 09:14:43,9,1
2017-03-02 08:28:35,8,1
2017-03-01 09:28:48,9,1
2017-02-28 08:58:04,8,1
2017-02-27 10:40:54,10,1
2017-02-26 21:33:16,21,1
2017-02-26 17:35:04,17,1
2017-02-26 15:51:52,15,1
2017-02-25 20:12:16,20,1
2017-02-25 20:11:56,20,1
2017-02-21 14:40:07,14,1
2017-02-21 14:34:07,14,1
2017-02-21 12:37:17,12,1
2017-02-20 22:52:16,22,1
2017-02-20 18:05:54,18,1
2017-02-20 15:29:52,15,1
2017-02-17 13:25:14,13,1
2017-02-16 14:28:16,14,1
2017-02-16 10:29:19,10,1
2017-02-16 10:28:45,10,1
2017-02-15 19:53:26,19,1
2017-02-15 10:23:27,10,1
2017-02-15 09:37:33,9,1
2017-02-14 11:04:47,11,1
2017-02-14 08:51:47,8,1
2017-02-14 08:34:18,8,1
2017-02-13 12:02:04,12,1
2017-02-12 17:10:03,17,1
2017-02-12 17:09:34,17,1
2017-02-12 16:21:54,16,1
2017-02-11 23:24:05,23,1
2017-02-10 14:30:55,14,1
2017-02-10 11:47:53,11,1
2017-02-09 22:47:38,22,1
2017-02-09 22:22:26,22,1
2017-02-09 18:31:48,18,1
2017-02-09 17:04:14,17,1
2017-02-08 14:40:31,14,1
2017-02-08 14:22:12,14,1
2017-02-08 11:06:18,11,1
2017-02-03 10:36:41,10,1
2017-02-03 08:13:44,8,1
2017-02-03 00:07:34,0,1
2017-02-02 13:46:35,13,1
2017-02-01 10:13:11,10,1
2017-01-30 21:30:28,21,1
2017-01-30 16:09:55,16,1
2017-01-30 16:07:53,16,1
2017-01-26 16:35:57,16,1
2017-01-26 15:30:45,15,1
2017-01-26 10:55:37,10,1
2017-01-26 10:55:21,10,1
2017-01-25 14:56:06,14,1
2017-01-25 14:43:09,14,1
2017-01-25 14:40:16,14,1
2017-01-25 14:39:29,14,1
2017-01-25 09:12:36,9,1
2017-01-24 18:55:58,18,1
2017-01-24 09:24:32,9,1
2017-01-23 21:55:57,21,1
2017-01-23 21:55:16,21,1
2017-01-23 14:51:26,14,1
2017-01-23 06:58:20,6,1
2017-01-19 09:06:18,9,1
2017-01-17 21:58:12,21,1
2017-01-17 19:22:51,19,1
2017-01-17 14:16:13,14,1
2017-01-16 14:59:17,14,1
2017-01-16 12:49:22,12,1
2017-01-15 21:46:37,21,1
2017-01-14 16:07:36,16,1
2017-01-14 16:06:58,16,1
2017-01-14 16:05:39,16,1
2017-01-14 11:54:13,11,1
2017-01-14 00:02:02,0,1
2017-01-13 16:47:39,16,1
2017-01-13 13:39:39,13,1
2017-01-12 17:04:15,17,1
2017-01-12 09:16:03,9,1
2017-01-11 16:10:29,16,1
2017-01-11 15:56:30,15,1
2017-01-11 15:43:30,15,1
2017-01-11 12:51:10,12,1
2017-01-11 12:31:36,12,1
2017-01-11 12:16:53,12,1
2017-01-11 09:45:41,9,1
2017-01-11 08:53:17,8,1
2017-01-10 14:00:43,14,1
2017-01-10 12:42:32,12,1
2017-01-10 10:07:02,10,1
2017-01-10 08:10:36,8,1
2017-01-09 14:30:44,14,1
2017-01-09 10:29:49,10,1
2017-01-08 14:30:48,14,1
2017-01-06 13:01:56,13,1
2017-01-05 22:56:25,22,1
2017-01-05 12:16:50,12,1
2017-01-04 17:02:07,17,1
2017-01-03 09:51:54,9,1
2017-01-02 21:22:26,21,1
2017-01-02 20:09:21,20,1
2017-01-02 20:03:27,20,1
2017-01-02 19:14:41,19,1
2017-01-02 17:44:50,17,1
2017-01-02 17:44:25,17,1
2017-01-01 23:09:42,23,1
2017-01-01 22:19:34,22,1
2017-01-01 22:02:15,22,1
2016-12-30 18:23:47,18,1
2016-12-28 21:48:12,21,1
2016-12-28 17:41:32,17,1
2016-12-27 17:14:27,17,1
2016-12-27 17:11:55,17,1
2016-12-27 17:07:44,17,1
2016-12-21 19:37:07,19,1
2016-12-19 17:51:32,17,1
2016-12-19 17:43:27,17,1
2016-12-16 12:58:02,12,1
2016-12-16 10:37:50,10,1
2016-12-16 10:37:19,10,1
2016-12-14 21:04:07,21,1
2016-12-14 11:10:13,11,1
2016-12-13 12:14:33,12,1
2016-12-13 11:36:40,11,1
2016-12-13 09:22:03,9,1
2016-12-13 09:02:34,9,1
2016-12-13 08:53:31,8,1
2016-12-13 08:49:58,8,1
2016-12-13 08:49:42,8,1
2016-12-13 08:49:07,8,1
2016-12-13 08:48:43,8,1
2016-12-13 08:48:19,8,1
2016-12-13 08:48:01,8,1
2016-12-13 08:45:40,8,1
2016-12-13 08:28:56,8,1
2016-12-13 08:22:50,8,1
2016-12-13 08:18:43,8,1
2016-12-12 14:02:08,14,1
2016-12-12 08:42:04,8,1
2016-12-10 21:14:07,21,1
2016-12-09 13:25:58,13,1
2016-12-08 22:50:16,22,1
2016-12-08 18:12:19,18,1
2016-12-07 18:17:16,18,1
2016-12-05 16:08:54,16,1
2016-12-05 15:58:32,15,1
2016-12-05 13:20:34,13,1
2016-12-05 13:09:22,13,1
2016-12-05 13:06:35,13,1
2016-12-05 09:35:56,9,1
2016-12-05 09:13:31,9,1
2016-12-05 09:05:40,9,1
2016-12-04 18:15:56,18,1
2016-12-04 15:22:23,15,1
2016-12-03 11:43:54,11,1
2016-12-03 01:02:34,1,1
2016-12-02 22:28:20,22,1
2016-12-02 12:06:25,12,1
2016-12-01 10:36:38,10,1
2016-12-01 09:45:09,9,1
2016-11-30 09:26:56,9,1
2016-11-28 13:41:35,13,1
2016-11-28 13:36:03,13,1
2016-11-28 12:55:16,12,1
2016-11-28 09:00:29,9,1
2016-11-28 08:07:43,8,1
2016-11-28 07:21:38,7,1
2016-11-28 06:08:13,6,1
2016-11-28 06:07:36,6,1
2016-11-27 17:31:30,17,1
2016-11-27 17:22:41,17,1
2016-11-27 17:00:34,17,1
2016-11-27 16:49:16,16,1
2016-11-26 10:26:01,10,1
2016-11-25 13:19:25,13,1
2016-11-25 09:53:13,9,1
2016-11-25 09:12:12,9,1
2016-11-25 09:09:47,9,1
2016-11-25 09:04:49,9,1
2016-11-23 17:43:59,17,1
2016-11-23 02:05:01,2,1
2016-11-23 00:48:09,0,1
2016-11-22 15:40:08,15,1
2016-11-22 15:38:38,15,1
2016-11-22 15:38:10,15,1
2016-11-22 13:33:17,13,1
2016-11-22 13:33:11,13,1
2016-11-22 13:22:41,13,1
2016-11-22 11:39:17,11,1
2016-11-22 07:41:46,7,1
2016-11-21 22:15:40,22,1
2016-11-21 21:21:47,21,1
2016-11-21 21:03:44,21,1
2016-11-21 19:55:52,19,1
2016-11-21 19:54:41,19,1
2016-11-21 18:27:51,18,1
2016-11-21 18:24:52,18,1
2016-11-21 18:04:13,18,1
2016-11-21 17:42:05,17,1
2016-11-21 17:31:38,17,1
2016-11-21 17:23:28,17,1
2016-11-21 16:49:31,16,1
2016-11-21 16:49:13,16,1
2016-11-21 16:48:52,16,1
2016-11-21 16:48:17,16,1
2016-11-21 11:58:06,11,1
2016-11-19 10:41:20,10,1
2016-11-18 16:23:02,16,1
2016-11-18 16:20:45,16,1
2016-11-17 19:00:30,19,1
2016-11-17 16:05:32,16,1
2016-11-15 17:11:07,17,1
2016-11-14 22:12:24,22,1
2016-11-11 13:28:56,13,1
2016-11-11 13:27:56,13,1
2016-11-11 00:17:30,0,1
2016-11-10 23:53:47,23,1
2016-11-10 22:37:35,22,1
2016-11-10 22:37:17,22,1
2016-11-10 22:35:41,22,1
2016-11-10 22:35:28,22,1
2016-11-09 18:37:25,18,1
2016-11-09 18:14:29,18,1
2016-11-09 17:52:15,17,1
2016-11-09 08:50:38,8,1
2016-11-09 08:37:50,8,1
2016-11-08 18:19:58,18,1
2016-11-08 18:16:48,18,1
2016-11-08 17:32:59,17,1
2016-11-08 17:32:02,17,1
2016-11-08 10:18:09,10,1
2016-11-08 09:12:39,9,1
2016-11-08 09:08:30,9,1
2016-11-08 09:05:23,9,1
2016-11-08 08:08:43,8,1
2016-11-08 07:44:24,7,1
2016-11-08 07:40:53,7,1
2016-11-08 07:38:45,7,1
2016-11-08 07:32:40,7,1
2016-11-08 07:23:58,7,1
2016-11-07 20:25:02,20,1
2016-11-07 20:22:09,20,1
2016-11-07 11:48:29,11,1
2016-11-07 08:21:14,8,1
2016-11-04 13:10:00,13,1
2016-11-04 12:34:00,12,1
2016-11-04 12:32:19,12,1
2016-11-04 12:31:32,12,1
2016-11-04 12:31:04,12,1
2016-11-04 12:30:19,12,1
2016-11-04 12:00:58,12,1
2016-11-04 12:00:41,12,1
2016-11-03 22:48:12,22,1
2016-11-03 22:30:28,22,1
2016-11-03 22:28:42,22,1
2016-11-03 19:27:32,19,1
2016-11-03 19:23:27,19,1
2016-11-03 19:22:00,19,1
2016-11-03 19:16:20,19,1
2016-11-03 19:14:25,19,1
2016-11-03 19:14:16,19,1
2016-11-03 19:13:35,19,1
2016-11-03 19:04:30,19,1
2016-11-03 19:04:23,19,1
2016-11-03 19:03:21,19,1
2016-11-03 19:01:11,19,1
2016-11-03 17:38:18,17,1
2016-11-03 17:37:47,17,1
2016-11-03 15:16:33,15,1
2016-11-03 15:11:57,15,1
2016-11-03 13:58:41,13,1
2016-11-03 13:12:45,13,1
2016-11-03 13:05:21,13,1
2016-11-03 13:04:24,13,1
2016-11-03 13:04:02,13,1
2016-11-03 13:03:37,13,1
2016-11-03 12:37:49,12,1
2016-11-03 12:33:00,12,1
2016-11-02 17:25:37,17,1
2016-11-02 16:27:01,16,1
2016-11-02 15:13:07,15,1
2016-11-02 15:10:18,15,1
2016-11-01 23:42:51,23,1
2016-11-01 09:03:00,9,1
2016-10-31 17:09:43,17,1
2016-10-30 22:08:55,22,1
2016-10-30 22:08:35,22,1
2016-10-30 16:25:03,16,1
2016-10-30 10:12:24,10,1
2016-10-28 20:36:08,20,1
2016-10-28 17:18:36,17,1
2016-10-28 14:41:08,14,1
2016-10-28 14:08:42,14,1
2016-10-28 13:15:35,13,1
2016-10-28 13:15:04,13,1
2016-10-28 13:14:07,13,1
2016-10-28 12:45:58,12,1
2016-10-28 10:49:47,10,1
2016-10-28 10:45:46,10,1
2016-10-28 10:43:46,10,1
2016-10-28 10:32:29,10,1
2016-10-28 08:33:45,8,1
2016-10-28 08:31:02,8,1
2016-10-28 08:28:24,8,1
2016-10-28 08:27:50,8,1
2016-10-28 08:19:35,8,1
2016-10-25 18:35:38,18,1
2016-10-25 13:00:30,13,1
2016-10-25 12:37:47,12,1
2016-10-25 12:16:08,12,1
2016-10-24 23:42:46,23,1
2016-10-24 16:48:15,16,1
2016-10-24 16:43:23,16,1
2016-10-24 16:43:20,16,1
2016-10-24 16:40:48,16,1
2016-10-24 16:40:38,16,1
2016-10-24 16:17:25,16,1
2016-10-24 16:13:06,16,1
2016-10-21 12:10:47,12,1
2016-10-21 12:05:58,12,1
2016-10-19 17:19:00,17,1
2016-10-19 14:51:18,14,1
2016-10-19 14:36:48,14,1
2016-10-19 13:49:44,13,1
2016-10-18 21:20:12,21,1
2016-10-18 20:47:18,20,1
2016-10-18 18:46:14,18,1
2016-10-18 15:31:47,15,1
2016-10-18 13:45:31,13,1
2016-10-18 13:20:56,13,1
2016-10-18 10:39:13,10,1
2016-10-18 10:35:16,10,1
2016-10-18 09:35:41,9,1
2016-10-18 09:34:57,9,1
2016-10-17 20:15:04,20,1
2016-10-17 20:12:02,20,1
2016-10-17 20:11:21,20,1
2016-10-17 20:10:00,20,1
2016-10-17 19:24:42,19,1
2016-10-17 19:16:44,19,1
2016-10-17 13:52:07,13,1
2016-10-17 09:27:48,9,1
2016-10-16 08:54:24,8,1
2016-10-16 08:40:28,8,1
2016-10-16 08:38:42,8,1
2016-10-16 08:07:10,8,1
2016-10-15 21:46:06,21,1
2016-10-15 17:48:19,17,1
2016-10-15 13:01:11,13,1
2016-10-15 12:36:31,12,1
2016-10-15 12:13:32,12,1
2016-10-15 12:10:00,12,1
2016-10-14 11:23:01,11,1
2016-10-14 06:15:09,6,1
2016-10-13 20:17:55,20,1
2016-10-13 19:02:38,19,1
2016-10-13 18:58:39,18,1
2016-10-13 18:55:36,18,1
2016-10-12 17:51:14,17,1
2016-10-12 17:48:58,17,1
2016-10-12 17:45:31,17,1
2016-10-12 17:45:16,17,1
2016-10-11 17:57:19,17,1
2016-10-11 17:53:53,17,1
2016-10-11 17:52:00,17,1
2016-10-11 15:26:54,15,1
2016-10-11 15:01:12,15,1
2016-10-11 14:26:22,14,1
2016-10-10 12:24:00,12,1
2016-10-10 12:09:32,12,1
2016-10-10 09:27:18,9,1
2016-10-10 07:53:37,7,1
2016-10-10 07:53:28,7,1
2016-10-10 07:52:50,7,1
2016-10-10 07:50:10,7,1
2016-10-10 06:54:36,6,1
2016-10-09 18:29:08,18,1
2016-10-07 13:22:37,13,1
2016-10-07 13:09:12,13,1
2016-10-06 16:17:13,16,1
2016-10-06 15:16:29,15,1
2016-10-05 22:36:06,22,1
2016-10-05 20:48:45,20,1
2016-10-05 16:18:27,16,1
2016-10-05 08:25:41,8,1
2016-10-05 08:10:33,8,1
2016-10-05 07:33:06,7,1
2016-10-05 07:29:28,7,1
2016-10-05 07:24:51,7,1
2016-10-05 07:24:02,7,1
2016-10-05 07:14:22,7,1
2016-10-05 07:05:02,7,1
2016-10-04 14:55:55,14,1
2016-10-04 14:51:00,14,1
2016-10-04 14:50:45,14,1
2016-10-03 14:18:56,14,1
2016-10-03 14:16:36,14,1
2016-10-03 14:15:50,14,1
2016-10-03 14:10:15,14,1
2016-10-03 14:01:27,14,1
2016-10-03 13:53:25,13,1
2016-10-03 13:34:46,13,1
2016-10-03 12:21:24,12,1
2016-10-03 08:53:58,8,1
2016-10-01 23:45:06,23,1
2016-10-01 12:47:20,12,1
2016-10-01 12:46:58,12,1
2016-09-29 18:22:29,18,1
2016-09-29 13:38:31,13,1
2016-09-28 08:59:57,8,1
2016-09-28 08:59:49,8,1
2016-09-28 08:08:40,8,1
2016-09-27 15:28:37,15,1
2016-09-27 13:06:26,13,1
2016-09-27 09:05:25,9,1
2016-09-27 07:59:42,7,1
2016-09-27 07:31:07,7,1
2016-09-27 07:26:58,7,1
2016-09-27 07:25:57,7,1
2016-09-27 07:24:52,7,1
2016-09-27 07:24:33,7,1
2016-09-25 12:52:22,12,1
2016-09-25 12:50:20,12,1
2016-09-24 20:40:41,20,1
2016-09-24 18:33:38,18,1
2016-09-24 18:33:25,18,1
2016-09-24 17:59:19,17,1
2016-09-23 16:39:41,16,1
2016-09-23 16:31:52,16,1
2016-09-23 16:24:42,16,1
2016-09-23 16:10:39,16,1
2016-09-23 16:10:27,16,1
2016-09-23 16:09:40,16,1
2016-09-23 15:53:52,15,1
2016-09-23 10:53:38,10,1
2016-09-23 08:38:18,8,1
2016-09-23 07:52:17,7,1
2016-09-22 21:19:45,21,1
2016-09-22 21:19:21,21,1
2016-09-22 21:08:12,21,1
2016-09-22 21:07:49,21,1
2016-09-20 18:56:24,18,1
2016-09-20 18:56:24,18,1
2016-09-17 11:00:24,11,1
2016-09-17 09:47:14,9,1
2016-09-17 01:32:13,1,1
2016-09-17 01:14:37,1,1
2016-09-17 01:00:55,1,1
2016-09-17 00:49:49,0,1
2016-09-17 00:30:33,0,1
2016-09-17 00:29:06,0,1
2016-09-16 23:35:54,23,1
2016-09-14 14:31:52,14,1
2016-09-12 15:54:56,15,1
2016-09-09 22:52:49,22,1
2016-09-09 12:34:52,12,1
2016-09-09 12:30:21,12,1
2016-09-09 12:12:42,12,1
2016-09-09 11:54:08,11,1
2016-09-08 23:15:04,23,1
2016-09-08 18:58:33,18,1
2016-09-08 16:24:26,16,1
2016-09-08 15:16:24,15,1
2016-09-08 15:11:53,15,1
2016-09-08 15:11:25,15,1
2016-09-08 15:09:54,15,1
2016-09-08 14:58:33,14,1
2016-09-08 12:29:20,12,1
2016-09-08 11:52:15,11,1
2016-09-06 11:35:33,11,1
2016-09-05 21:13:20,21,1
2016-09-05 20:54:27,20,1
2016-09-05 20:49:54,20,1
2016-09-05 20:48:13,20,1
2016-09-05 20:34:06,20,1
2016-09-05 16:35:46,16,1
2016-09-05 14:27:11,14,1
2016-09-05 13:47:31,13,1
2016-09-05 13:42:12,13,1
2016-09-05 13:40:48,13,1
2016-09-05 13:37:34,13,1
2016-09-05 13:35:34,13,1
2016-09-05 13:34:37,13,1
2016-09-05 13:32:38,13,1
2016-09-05 13:24:34,13,1
2016-09-05 11:38:24,11,1
2016-09-05 11:37:13,11,1
2016-09-05 08:54:49,8,1
2016-09-04 19:42:49,19,1
2016-09-04 19:04:26,19,1
2016-09-04 10:53:43,10,1
2016-09-02 14:12:15,14,1
2016-09-02 08:31:41,8,1
2016-09-01 16:04:17,16,1
2016-09-01 15:12:39,15,1
2016-08-30 20:01:12,20,1
2016-08-30 19:31:17,19,1
2016-08-30 19:29:22,19,1
2016-08-30 17:22:51,17,1
2016-08-30 17:21:47,17,1
2016-08-30 17:20:08,17,1
2016-08-30 14:00:06,14,1
2016-08-30 12:29:24,12,1
2016-08-28 10:51:35,10,1
2016-08-28 10:18:23,10,1
2016-08-28 10:17:57,10,1
2016-08-27 21:09:32,21,1
2016-08-26 15:04:29,15,1
2016-08-26 13:54:46,13,1
2016-08-25 08:47:06,8,1
2016-08-25 08:14:02,8,1
2016-08-25 08:13:35,8,1
2016-08-22 13:03:07,13,1
2016-08-22 13:02:22,13,1
2016-08-22 12:59:01,12,1
2016-08-22 12:58:10,12,1
2016-08-22 12:48:27,12,1
2016-08-20 07:03:39,7,1
2016-08-19 15:48:54,15,1
2016-08-16 21:41:12,21,1
2016-08-12 20:53:17,20,1
2016-08-01 14:15:50,14,1
2016-07-30 09:39:57,9,1
2016-07-29 16:39:11,16,1
2016-07-27 22:18:35,22,1
2016-07-26 20:24:30,20,1
2016-07-26 17:58:09,17,1
2016-07-26 17:56:47,17,1
2016-07-25 23:14:51,23,1
2016-07-25 20:44:36,20,1
2016-07-24 18:45:43,18,1
2016-07-24 14:21:13,14,1
2016-07-17 20:44:27,20,1
2016-07-17 20:41:20,20,1
2016-07-17 20:17:21,20,1
2016-07-17 20:13:47,20,1
2016-07-17 13:39:57,13,1
2016-07-12 18:21:27,18,1
2016-07-12 17:46:54,17,1
2016-07-12 17:13:22,17,1
2016-07-12 17:10:28,17,1
2016-07-11 21:23:15,21,1
2016-07-11 19:35:58,19,1
2016-07-11 19:30:57,19,1
2016-07-11 19:27:00,19,1
2016-07-10 10:48:56,10,1
2016-07-10 08:14:24,8,1
2016-07-07 06:43:19,6,1
2016-07-06 18:10:20,18,1
2016-07-06 18:07:52,18,1
2016-07-06 18:04:35,18,1
2016-07-06 18:03:54,18,1
2016-07-06 17:53:02,17,1
2016-07-05 18:48:20,18,1
2016-07-04 15:48:57,15,1
2016-07-04 15:48:47,15,1
2016-07-04 15:47:40,15,1
2016-07-04 15:47:20,15,1
2016-07-04 12:16:19,12,1
2016-07-03 18:23:59,18,1
2016-07-01 17:39:55,17,1
2016-06-29 10:10:34,10,1
2016-06-29 07:20:27,7,1
2016-06-26 20:26:35,20,1
2016-06-26 09:38:07,9,1
2016-06-26 09:27:42,9,1
2016-06-25 17:26:28,17,1
2016-06-24 19:01:03,19,1
2016-06-22 16:00:26,16,1
2016-06-19 12:04:01,12,1
2016-06-19 09:58:11,9,1
2016-06-18 20:34:50,20,1
2016-06-18 18:57:28,18,1
2016-06-17 18:37:44,18,1
2016-06-12 20:51:58,20,1
2016-06-12 08:30:40,8,1
2016-06-09 15:47:28,15,1
2016-06-09 15:40:52,15,1
2016-06-09 15:40:24,15,1
2016-06-09 15:39:28,15,1
2016-06-09 13:55:57,13,1
2016-06-09 10:07:23,10,1
2016-06-09 09:47:32,9,1
2016-06-09 09:05:50,9,1
2016-06-09 08:30:42,8,1
2016-06-09 07:28:05,7,1
2016-06-09 07:27:33,7,1
2016-06-08 15:36:12,15,1
2016-06-08 15:35:21,15,1
2016-06-08 15:35:02,15,1
2016-06-08 11:02:24,11,1
2016-06-08 09:41:00,9,1
2016-06-08 09:32:55,9,1
2016-06-08 09:04:11,9,1
2016-06-08 09:01:48,9,1
2016-06-08 08:55:38,8,1
2016-06-07 21:03:03,21,1
2016-06-07 14:20:59,14,1
2016-06-07 12:17:20,12,1
2016-06-07 12:13:39,12,1
2016-06-06 08:28:50,8,1
2016-06-06 08:26:13,8,1
2016-06-05 10:20:01,10,1
2016-06-04 09:08:31,9,1
2016-06-02 15:07:26,15,1
2016-05-31 05:32:49,5,1
2016-05-30 18:48:10,18,1
2016-05-30 18:39:50,18,1
2016-05-30 18:36:07,18,1
2016-05-30 17:03:32,17,1
2016-05-29 18:37:35,18,1
2016-05-28 22:45:21,22,1
2016-05-27 16:13:28,16,1
2016-05-27 16:07:02,16,1
2016-05-26 21:59:34,21,1
2016-05-26 20:40:41,20,1
2016-05-21 16:29:57,16,1
2016-05-21 12:56:28,12,1
2016-05-21 07:40:08,7,1
2016-05-20 14:53:48,14,1
2016-05-20 14:28:34,14,1
2016-05-20 13:58:09,13,1
2016-05-20 13:22:33,13,1
2016-05-20 08:25:39,8,1
2016-05-20 08:01:08,8,1
2016-05-19 19:50:06,19,1
2016-05-19 14:10:44,14,1
2016-05-19 13:54:53,13,1
2016-05-19 12:03:41,12,1
2016-05-19 11:50:47,11,1
2016-05-19 08:41:52,8,1
2016-05-19 08:32:14,8,1
2016-05-19 08:02:08,8,1
2016-05-19 07:55:42,7,1
2016-05-18 18:51:58,18,1
2016-05-18 14:47:43,14,1
2016-05-18 13:37:20,13,1
2016-05-18 13:32:02,13,1
2016-05-18 12:49:41,12,1
2016-05-18 09:40:48,9,1
2016-05-18 09:18:53,9,1
2016-05-18 09:17:19,9,1
2016-05-18 09:09:34,9,1
2016-05-18 08:49:55,8,1
2016-05-18 08:35:27,8,1
2016-05-18 07:51:29,7,1
2016-05-17 13:55:55,13,1
2016-05-17 13:42:35,13,1
2016-05-17 13:42:12,13,1
2016-05-17 11:16:21,11,1
2016-05-17 09:55:39,9,1
2016-05-17 09:46:16,9,1
2016-05-17 09:39:30,9,1
2016-05-17 09:39:09,9,1
2016-05-16 19:16:27,19,1
2016-05-16 19:05:09,19,1
2016-05-16 18:56:28,18,1
2016-05-16 18:08:37,18,1
2016-05-16 18:08:08,18,1
2016-05-15 16:25:58,16,1
2016-05-15 13:13:37,13,1
2016-05-15 10:17:39,10,1
2016-05-15 10:13:55,10,1
2016-05-15 08:44:02,8,1
2016-05-15 08:43:16,8,1
2016-05-15 07:39:08,7,1
2016-05-14 06:09:38,6,1
2016-05-13 13:07:29,13,1
2016-05-13 12:33:42,12,1
2016-05-12 18:58:20,18,1
2016-05-12 16:28:44,16,1
2016-05-12 16:24:27,16,1
2016-05-12 16:23:48,16,1
2016-05-12 16:22:06,16,1
2016-05-11 19:44:56,19,1
2016-05-11 09:18:16,9,1
2016-05-11 08:15:25,8,1
2016-05-10 13:59:03,13,1
2016-05-10 12:11:50,12,1
2016-05-10 09:31:21,9,1
2016-05-10 09:25:57,9,1
2016-05-10 06:09:06,6,1
2016-05-09 20:37:25,20,1
2016-05-09 19:41:57,19,1
2016-05-09 15:39:13,15,1
2016-05-09 15:30:46,15,1
2016-05-09 13:57:53,13,1
2016-05-09 07:33:58,7,1
2016-05-09 07:33:35,7,1
2016-05-09 07:32:23,7,1
2016-05-04 17:34:51,17,1
2016-05-04 17:34:38,17,1
2016-05-04 17:34:21,17,1
2016-05-04 17:34:00,17,1
2016-05-04 17:33:46,17,1
2016-05-04 17:33:15,17,1
2016-05-04 17:33:01,17,1
2016-05-04 17:32:54,17,1
2016-05-04 17:32:37,17,1
2016-05-04 17:32:27,17,1
2016-05-04 17:32:16,17,1
2016-05-04 17:31:57,17,1
2016-05-04 17:31:44,17,1
2016-05-04 17:31:30,17,1
2016-05-04 17:31:13,17,1
2016-05-04 17:31:05,17,1
2016-05-04 17:30:35,17,1
2016-05-04 17:28:34,17,1
2016-05-04 17:27:13,17,1
2016-05-04 17:27:01,17,1
2016-05-04 10:02:41,10,1
2016-05-03 21:02:46,21,1
2016-05-03 18:28:31,18,1
2016-05-03 18:28:15,18,1
2016-05-03 14:10:44,14,1
2016-05-03 09:16:06,9,1
2016-05-03 09:11:26,9,1
2016-05-03 09:02:42,9,1
2016-05-03 08:57:41,8,1
2016-05-02 16:23:22,16,1
2016-05-02 16:03:31,16,1
2016-05-02 15:49:14,15,1
2016-05-02 08:38:31,8,1
2016-05-02 08:34:27,8,1
2016-05-01 20:54:06,20,1
2016-04-30 18:36:32,18,1
2016-04-29 20:29:28,20,1
2016-04-29 16:17:34,16,1
2016-04-29 15:19:14,15,1
2016-04-29 14:12:58,14,1
2016-04-29 12:59:00,12,1
2016-04-29 12:51:04,12,1
2016-04-29 12:32:11,12,1
2016-04-29 12:31:56,12,1
2016-04-29 11:42:12,11,1
2016-04-29 09:20:56,9,1
2016-04-26 17:05:46,17,1
2016-04-25 17:20:08,17,1
2016-04-25 17:19:48,17,1
2016-04-25 16:37:19,16,1
2016-04-25 16:37:01,16,1
2016-04-25 16:22:30,16,1
2016-04-25 16:21:45,16,1
2016-04-25 16:20:58,16,1
2016-04-25 13:36:37,13,1
2016-04-25 12:10:28,12,1
2016-04-25 06:52:41,6,1
2016-04-24 21:21:55,21,1
2016-04-24 19:34:39,19,1
2016-04-24 19:33:11,19,1
2016-04-24 19:32:03,19,1
2016-04-24 19:30:47,19,1
2016-04-24 17:41:06,17,1
2016-04-24 14:05:10,14,1
2016-04-24 14:04:59,14,1
2016-04-24 14:04:41,14,1
2016-04-24 14:04:25,14,1
2016-04-24 12:56:55,12,1
2016-04-24 08:26:59,8,1
2016-04-24 08:24:39,8,1
2016-04-24 08:23:01,8,1
2016-04-22 13:37:34,13,1
2016-04-22 08:42:35,8,1
2016-04-22 08:38:05,8,1
2016-04-22 08:37:00,8,1
2016-04-22 08:35:18,8,1
2016-04-22 07:52:36,7,1
2016-04-22 07:33:42,7,1
2016-04-21 20:29:50,20,1
2016-04-21 09:28:36,9,1
2016-04-20 16:03:00,16,1
2016-04-20 16:02:51,16,1
2016-04-20 09:56:52,9,1
2016-04-19 21:48:53,21,1
2016-04-19 18:26:26,18,1
2016-04-19 18:20:24,18,1
2016-04-19 18:19:08,18,1
2016-04-19 18:11:49,18,1
2016-04-19 17:55:36,17,1
2016-04-19 17:55:12,17,1
2016-04-19 17:54:46,17,1
2016-04-19 17:53:34,17,1
2016-04-19 17:51:53,17,1
2016-04-19 17:48:06,17,1
2016-04-19 17:07:38,17,1
2016-04-19 16:32:32,16,1
2016-04-19 15:45:37,15,1
2016-04-19 15:45:15,15,1
2016-04-19 13:20:05,13,1
2016-04-19 10:07:27,10,1
2016-04-18 19:53:53,19,1
2016-04-18 19:48:31,19,1
2016-04-18 18:56:47,18,1
2016-04-18 14:26:10,14,1
2016-04-18 12:02:41,12,1
2016-04-18 11:58:45,11,1
2016-04-18 11:55:11,11,1
2016-04-18 11:53:08,11,1
2016-04-18 10:53:11,10,1
2016-04-18 06:03:46,6,1
2016-04-17 19:33:23,19,1
2016-04-16 18:43:59,18,1
2016-04-16 17:50:53,17,1
2016-04-15 19:25:54,19,1
2016-04-13 16:13:56,16,1
2016-04-13 15:59:41,15,1
2016-04-12 16:35:01,16,1
2016-04-12 16:12:18,16,1
2016-04-12 15:29:56,15,1
2016-04-12 15:29:15,15,1
2016-04-12 15:29:01,15,1
2016-04-12 12:10:57,12,1
2016-04-11 13:58:35,13,1
2016-04-11 13:53:10,13,1
2016-04-11 13:37:11,13,1
2016-04-11 13:34:27,13,1
2016-04-10 00:56:48,0,1
2016-04-10 00:41:53,0,1
2016-04-09 21:20:06,21,1
2016-04-09 20:40:24,20,1
2016-04-09 19:40:29,19,1
2016-04-09 17:32:39,17,1
2016-04-09 17:19:26,17,1
2016-04-09 17:18:19,17,1
2016-04-09 10:12:04,10,1
2016-04-06 19:05:28,19,1
2016-04-06 08:34:47,8,1
2016-04-05 20:25:14,20,1
2016-04-05 20:24:12,20,1
2016-04-05 16:34:41,16,1
2016-04-05 15:26:06,15,1
2016-04-05 13:28:13,13,1
2016-04-05 11:10:59,11,1
2016-04-05 10:04:59,10,1
2016-04-05 06:23:12,6,1
2016-04-04 16:39:03,16,1
2016-04-04 13:02:19,13,1
2016-04-04 12:18:54,12,1
2016-04-04 12:09:48,12,1
2016-04-04 07:18:58,7,1
2016-04-04 07:18:38,7,1
2016-04-04 07:17:16,7,1
2016-04-03 14:22:28,14,1
2016-04-03 13:02:32,13,1
2016-04-03 12:45:22,12,1
2016-04-03 12:43:40,12,1
2016-04-03 10:54:34,10,1
2016-04-01 14:25:24,14,1
2016-04-01 07:56:29,7,1
2016-03-31 12:04:17,12,1
2016-03-31 10:19:45,10,1
2016-03-31 09:24:21,9,1
2016-03-31 09:23:23,9,1
2016-03-30 20:03:01,20,1
2016-03-30 20:02:40,20,1
2016-03-30 18:47:37,18,1
2016-03-30 17:05:00,17,1
2016-03-30 15:51:17,15,1
2016-03-30 14:56:32,14,1
2016-03-30 14:56:04,14,1
2016-03-30 07:30:13,7,1
2016-03-30 07:27:14,7,1
2016-03-29 14:08:52,14,1
2016-03-25 23:57:32,23,1
2016-03-25 20:00:05,20,1
2016-03-25 19:03:05,19,1
2016-03-25 19:00:18,19,1
2016-03-25 18:51:13,18,1
2016-03-25 18:49:29,18,1
2016-03-25 18:42:41,18,1
2016-03-25 11:05:49,11,1
2016-03-25 09:48:56,9,1
2016-03-25 09:12:14,9,1
2016-03-25 08:21:30,8,1
2016-03-25 08:02:09,8,1
2016-03-25 07:58:17,7,1
2016-03-25 07:45:42,7,1
2016-03-25 07:43:07,7,1
2016-03-25 07:37:52,7,1
2016-03-24 18:33:03,18,1
2016-03-24 14:17:05,14,1
2016-03-24 14:02:37,14,1
2016-03-24 13:34:30,13,1
2016-03-24 07:42:17,7,1
2016-03-23 17:45:49,17,1
2016-03-23 17:38:42,17,1
2016-03-23 16:11:34,16,1
2016-03-23 14:36:28,14,1
2016-03-21 18:48:22,18,1
2016-03-21 16:41:24,16,1
2016-03-21 15:59:29,15,1
2016-03-21 15:55:21,15,1
2016-03-20 17:48:49,17,1
2016-03-20 17:45:23,17,1
2016-03-20 17:44:11,17,1
2016-03-20 17:19:13,17,1
2016-03-20 17:13:51,17,1
2016-03-18 07:50:47,7,1
2016-03-18 00:18:56,0,1
2016-03-18 00:17:40,0,1
2016-03-17 20:17:55,20,1
2016-03-17 19:49:54,19,1
2016-03-17 19:23:24,19,1
2016-03-17 19:22:47,19,1
2016-03-17 19:16:34,19,1
2016-03-17 19:13:46,19,1
2016-03-17 19:10:38,19,1
2016-03-17 19:05:07,19,1
2016-03-17 17:24:31,17,1
2016-03-17 17:23:16,17,1
2016-03-17 17:03:21,17,1
2016-03-17 16:42:04,16,1
2016-03-17 16:41:19,16,1
2016-03-17 16:40:55,16,1
2016-03-17 16:40:12,16,1
2016-03-16 21:35:06,21,1
2016-03-16 21:25:39,21,1
2016-03-16 21:07:51,21,1
2016-03-16 20:54:25,20,1
2016-03-16 16:06:49,16,1
2016-03-16 12:50:30,12,1
2016-03-15 11:00:53,11,1
2016-03-15 10:42:39,10,1
2016-03-15 10:40:26,10,1
2016-03-15 10:40:10,10,1
2016-03-15 07:06:42,7,1
2016-03-14 16:04:34,16,1
2016-03-14 15:17:10,15,1
2016-03-14 12:22:56,12,1
2016-03-14 07:42:16,7,1
2016-03-13 22:15:45,22,1
2016-03-13 22:14:13,22,1
2016-03-13 19:25:10,19,1
2016-03-11 10:53:01,10,1
2016-03-11 07:54:09,7,1
2016-03-09 11:19:26,11,1
2016-03-08 22:55:43,22,1
2016-03-08 19:11:18,19,1
2016-03-07 00:36:04,0,1
2016-03-06 22:47:21,22,1
2016-03-06 20:14:44,20,1
2016-03-06 20:12:13,20,1
2016-03-06 20:09:59,20,1
2016-03-04 09:36:14,9,1
2016-03-04 09:28:09,9,1
2016-03-04 09:24:57,9,1
2016-03-04 09:23:55,9,1
2016-03-04 08:42:10,8,1
2016-03-03 20:27:06,20,1
2016-03-03 20:02:21,20,1
2016-03-03 18:23:38,18,1
2016-03-03 09:08:12,9,1
2016-03-02 16:39:13,16,1
2016-03-02 00:37:51,0,1
2016-03-01 18:00:37,18,1
2016-03-01 12:42:35,12,1
2016-02-28 20:12:03,20,1
2016-02-28 13:59:27,13,1
2016-02-28 11:34:56,11,1
2016-02-28 11:34:15,11,1
2016-02-27 18:09:34,18,1
2016-02-26 11:02:51,11,1
2016-02-25 09:57:44,9,1
2016-02-25 00:47:27,0,1
2016-02-25 00:45:14,0,1
2016-02-25 00:37:01,0,1
2016-02-25 00:36:45,0,1
2016-02-24 16:05:21,16,1
2016-02-24 11:14:46,11,1
2016-02-23 22:45:45,22,1
2016-02-23 15:33:51,15,1
2016-02-21 14:08:37,14,1
2016-02-21 14:03:41,14,1
2016-02-20 20:21:03,20,1
2016-02-20 08:13:18,8,1
2016-02-19 14:35:21,14,1
2016-02-19 13:52:39,13,1
2016-02-19 13:43:07,13,1
2016-02-18 22:11:42,22,1
2016-02-18 22:09:11,22,1
2016-02-18 22:07:10,22,1
2016-02-18 22:04:24,22,1
2016-02-16 21:01:57,21,1
2016-02-16 21:00:15,21,1
2016-02-07 21:11:31,21,1
2016-02-07 21:06:38,21,1
2016-02-07 21:04:51,21,1
2016-02-07 21:04:29,21,1
2016-02-07 11:54:48,11,1
2016-02-06 23:45:55,23,1
2016-02-06 23:32:35,23,1
2016-02-05 19:55:49,19,1
2016-02-05 19:54:09,19,1
2016-02-04 12:13:09,12,1
2016-02-04 12:10:58,12,1
2016-02-03 13:07:12,13,1
2016-02-03 13:02:10,13,1
2016-02-03 08:34:02,8,1
2016-02-02 20:32:10,20,1
2016-02-02 20:31:09,20,1
2016-02-02 20:19:09,20,1
2016-02-02 18:34:50,18,1
2016-02-02 18:31:52,18,1
2016-02-02 15:34:05,15,1
2016-02-02 15:32:50,15,1
2016-02-02 15:31:21,15,1
2016-02-02 15:28:41,15,1
2016-02-02 13:05:58,13,1
2016-02-02 12:42:50,12,1
2016-02-02 09:52:55,9,1
2016-02-02 09:38:58,9,1
2016-01-31 16:36:10,16,1
2016-01-31 15:27:34,15,1
2016-01-31 14:35:28,14,1
2016-01-30 20:06:32,20,1
2016-01-30 17:42:42,17,1
2016-01-30 15:57:19,15,1
2016-01-30 15:11:10,15,1
2016-01-29 18:56:15,18,1
2016-01-29 11:00:11,11,1
2016-01-28 17:21:57,17,1
2016-01-28 11:57:18,11,1
2016-01-27 10:39:16,10,1
2016-01-27 10:37:09,10,1
2016-01-27 09:53:14,9,1
2016-01-27 09:51:43,9,1
2016-01-27 09:46:00,9,1
2016-01-27 08:21:02,8,1
2016-01-26 16:18:19,16,1
2016-01-25 20:48:10,20,1
2016-01-24 18:49:53,18,1
2016-01-24 18:09:44,18,1
2016-01-19 19:43:21,19,1
2016-01-19 16:11:15,16,1
2016-01-18 18:07:56,18,1
2016-01-18 15:26:57,15,1
2016-01-18 11:08:54,11,1
2016-01-17 13:56:59,13,1
2016-01-17 13:49:43,13,1
2016-01-17 10:04:39,10,1
2016-01-16 14:21:39,14,1
2016-01-15 15:04:30,15,1
2016-01-15 08:44:10,8,1
2016-01-14 22:25:57,22,1
2016-01-14 18:43:33,18,1
2016-01-14 18:31:04,18,1
2016-01-14 15:40:55,15,1
2016-01-14 12:06:15,12,1
2016-01-14 09:40:51,9,1
2016-01-14 08:59:44,8,1
2016-01-14 08:55:29,8,1
2016-01-13 22:42:02,22,1
2016-01-13 20:13:28,20,1
2016-01-13 20:06:54,20,1
2016-01-13 19:42:51,19,1
2016-01-13 19:08:36,19,1
2016-01-13 19:08:18,19,1
2016-01-13 19:05:31,19,1
2016-01-13 19:05:24,19,1
2016-01-13 19:02:38,19,1
2016-01-13 19:01:22,19,1
2016-01-13 18:55:06,18,1
2016-01-13 18:51:54,18,1
2016-01-13 18:49:34,18,1
2016-01-13 18:48:52,18,1
2016-01-13 18:47:18,18,1
2016-01-13 18:46:31,18,1
2016-01-13 18:42:35,18,1
2016-01-13 18:39:49,18,1
2016-01-13 18:22:53,18,1
2016-01-13 18:21:09,18,1
2016-01-13 18:14:05,18,1
2016-01-13 18:08:53,18,1
2016-01-12 22:25:01,22,1
2016-01-12 22:24:10,22,1
2016-01-12 22:22:45,22,1
2016-01-12 22:20:21,22,1
2016-01-12 22:19:51,22,1
2016-01-12 22:19:01,22,1
2016-01-12 22:18:23,22,1
2016-01-12 22:18:08,22,1
2016-01-12 22:17:50,22,1
2016-01-12 22:15:20,22,1
2016-01-12 22:13:54,22,1
2016-01-12 22:13:37,22,1
2016-01-12 22:10:34,22,1
2016-01-12 22:09:33,22,1
2016-01-12 22:08:39,22,1
2016-01-12 22:07:58,22,1
2016-01-12 20:10:47,20,1
2016-01-12 16:29:11,16,1
2016-01-12 16:28:58,16,1
2016-01-12 16:27:58,16,1
2016-01-12 16:25:31,16,1
2016-01-12 16:20:09,16,1
2016-01-12 16:20:05,16,1
2016-01-12 15:42:34,15,1
2016-01-12 13:31:22,13,1
2016-01-12 13:31:06,13,1
2016-01-12 13:30:45,13,1
2016-01-11 23:43:56,23,1
2016-01-11 18:46:32,18,1
2016-01-10 21:27:07,21,1
2016-01-10 21:26:00,21,1
2016-01-09 22:40:54,22,1
2016-01-09 21:55:54,21,1
2016-01-09 15:05:53,15,1
2016-01-07 15:52:44,15,1
2016-01-06 19:41:20,19,1
2016-01-06 19:28:50,19,1
2016-01-06 19:15:59,19,1
2016-01-06 19:00:36,19,1
2016-01-06 18:59:52,18,1
2016-01-06 16:40:28,16,1
2016-01-06 14:25:20,14,1
2016-01-06 10:20:33,10,1
2016-01-06 10:19:56,10,1
2016-01-06 10:19:11,10,1
2016-01-04 20:16:51,20,1
2016-01-03 17:36:30,17,1
2016-01-03 15:04:04,15,1
2016-01-01 20:01:54,20,1
2015-12-29 23:05:53,23,1
2015-12-29 22:35:15,22,1
2015-12-29 00:56:39,0,1
2015-12-28 18:01:56,18,1
2015-12-27 22:12:30,22,1
2015-12-27 06:26:12,6,1
2015-12-26 14:44:53,14,1
2015-12-24 18:30:03,18,1
2015-12-23 00:48:58,0,1
2015-12-22 18:53:42,18,1
2015-12-22 17:50:29,17,1
2015-12-22 16:29:16,16,1
2015-12-22 15:59:02,15,1
2015-12-22 10:59:50,10,1
2015-12-22 10:58:10,10,1
2015-12-21 18:54:53,18,1
2015-12-21 17:22:54,17,1
2015-12-21 11:39:53,11,1
2015-12-21 11:07:58,11,1
2015-12-20 15:20:32,15,1
2015-12-19 15:36:16,15,1
2015-12-17 22:53:43,22,1
2015-12-17 22:47:27,22,1
2015-12-17 21:19:14,21,1
2015-12-17 17:26:51,17,1
2015-12-17 00:47:24,0,1
2015-12-16 22:11:44,22,1
2015-12-15 23:08:38,23,1
2015-12-15 18:58:15,18,1
2015-12-15 18:36:35,18,1
2015-12-15 02:45:49,2,1
2015-12-14 22:58:22,22,1
2015-12-14 21:05:01,21,1
2015-12-14 19:01:54,19,1
2015-12-14 07:48:23,7,1
2015-12-13 23:52:11,23,1
2015-12-12 22:15:53,22,1
2015-12-12 22:06:26,22,1
2015-12-12 22:03:37,22,1
2015-12-11 13:58:59,13,1
2015-12-10 12:35:50,12,1
2015-12-10 11:42:43,11,1
2015-12-09 14:44:50,14,1
2015-12-07 09:04:34,9,1
2015-12-07 09:04:17,9,1
2015-12-06 16:45:48,16,1
2015-12-06 14:35:06,14,1
2015-12-05 21:16:49,21,1
2015-12-05 20:59:23,20,1
2015-12-04 17:40:09,17,1
2015-12-04 09:31:11,9,1
2015-12-03 18:17:16,18,1
2015-12-03 18:17:00,18,1
2015-12-03 12:57:17,12,1
2015-12-03 10:29:06,10,1
2015-12-03 07:55:13,7,1
2015-12-02 07:02:59,7,1
2015-12-01 07:32:14,7,1
2015-11-30 15:32:29,15,1
2015-11-30 07:19:15,7,1
2015-11-29 20:11:56,20,1
2015-11-29 20:08:27,20,1
2015-11-29 20:03:06,20,1
2015-11-29 17:41:41,17,1
2015-11-29 17:28:10,17,1
2015-11-28 00:41:21,0,1
2015-11-28 00:39:44,0,1
2015-11-24 12:52:23,12,1
2015-11-24 11:52:55,11,1
2015-11-24 11:17:19,11,1
2015-11-23 10:23:39,10,1
2015-11-23 00:01:49,0,1
2015-11-21 15:10:47,15,1
2015-11-20 18:18:34,18,1
2015-11-20 18:16:07,18,1
2015-11-20 11:28:34,11,1
2015-11-20 06:52:58,6,1
2015-11-19 22:59:59,22,1
2015-11-19 10:23:42,10,1
2015-11-18 22:27:55,22,1
2015-11-18 18:41:46,18,1
2015-11-18 18:14:44,18,1
2015-11-18 18:12:33,18,1
2015-11-18 17:35:07,17,1
2015-11-18 17:34:14,17,1
2015-11-18 17:33:26,17,1
2015-11-18 17:10:25,17,1
2015-11-18 06:48:23,6,1
2015-11-17 22:45:14,22,1
2015-11-17 22:37:37,22,1
2015-11-17 19:28:23,19,1
2015-11-17 09:06:03,9,1
2015-11-16 20:29:15,20,1
2015-11-16 20:28:06,20,1
2015-11-16 20:26:36,20,1
2015-11-16 15:21:00,15,1
2015-11-16 12:33:01,12,1
2015-11-16 09:09:27,9,1
2015-11-15 21:09:02,21,1
2015-11-15 21:08:41,21,1
2015-11-15 19:31:27,19,1
2015-11-15 19:30:25,19,1
2015-11-15 19:18:12,19,1
2015-11-15 12:42:17,12,1
2015-11-14 09:41:30,9,1
2015-11-13 14:44:04,14,1
2015-11-13 14:39:36,14,1
2015-11-11 21:24:55,21,1
2015-11-09 10:18:34,10,1
2015-11-09 10:02:51,10,1
2015-11-08 09:23:43,9,1
2015-11-07 11:31:34,11,1
2015-11-07 11:30:10,11,1
2015-11-05 21:46:20,21,1
2015-11-05 17:39:06,17,1
2015-11-05 17:37:31,17,1
2015-11-05 09:42:31,9,1
2015-11-05 09:15:36,9,1
2015-11-03 16:11:11,16,1
2015-11-03 13:36:04,13,1
2015-11-03 07:45:03,7,1
2015-11-02 15:35:31,15,1
2015-11-02 15:34:45,15,1
2015-11-02 14:29:21,14,1
2015-11-02 11:12:01,11,1
2015-11-02 10:31:57,10,1
2015-11-01 18:03:54,18,1
2015-11-01 17:08:50,17,1
2015-10-23 09:31:27,9,1
2015-10-20 14:01:28,14,1
2015-10-20 14:00:27,14,1
2015-10-20 13:34:53,13,1
2015-10-20 13:32:56,13,1
2015-10-20 13:31:26,13,1
2015-10-19 17:21:18,17,1
2015-10-19 11:42:25,11,1
2015-10-19 11:16:22,11,1
2015-10-17 18:24:54,18,1
2015-10-16 13:41:57,13,1
2015-10-15 17:53:42,17,1
2015-10-15 16:59:08,16,1
2015-10-15 12:04:58,12,1
2015-10-14 21:25:39,21,1
2015-10-14 21:24:41,21,1
2015-10-14 21:16:12,21,1
2015-10-14 21:14:34,21,1
2015-10-14 10:01:08,10,1
2015-10-14 08:47:02,8,1
2015-10-13 22:09:36,22,1
2015-10-13 22:08:18,22,1
2015-10-13 22:07:21,22,1
2015-10-13 21:59:52,21,1
2015-10-13 21:59:11,21,1
2015-10-13 21:57:06,21,1
2015-10-13 16:55:54,16,1
2015-10-13 16:26:20,16,1
2015-10-13 12:12:18,12,1
2015-10-12 15:10:12,15,1
2015-10-09 17:27:10,17,1
2015-10-07 06:19:16,6,1
2015-10-06 20:55:22,20,1
2015-10-06 20:51:41,20,1
2015-10-06 16:52:29,16,1
2015-10-06 16:19:16,16,1
2015-10-06 15:49:52,15,1
2015-10-06 15:20:35,15,1
2015-10-06 15:17:55,15,1
2015-10-06 13:55:08,13,1
2015-10-06 13:50:11,13,1
2015-10-06 11:16:11,11,1
2015-10-06 09:55:09,9,1
2015-10-06 09:20:16,9,1
2015-10-04 15:40:50,15,1
2015-10-03 10:43:46,10,1
2015-10-01 08:09:10,8,1
2015-10-01 08:04:44,8,1
2015-09-30 09:36:02,9,1
2015-09-29 21:35:14,21,1
2015-09-28 18:35:29,18,1
2015-09-28 17:39:06,17,1
2015-09-26 11:46:10,11,1
2015-09-26 11:23:23,11,1
2015-09-26 10:41:14,10,1
2015-09-19 16:50:58,16,1
2015-09-19 15:04:07,15,1
2015-09-19 08:32:30,8,1
2015-09-18 20:33:36,20,1
2015-09-18 09:34:31,9,1
2015-09-17 20:00:25,20,1
2015-09-17 19:58:51,19,1
2015-09-17 19:58:33,19,1
2015-09-17 16:17:49,16,1
2015-09-17 16:03:21,16,1
2015-09-17 15:55:56,15,1
2015-09-17 13:49:01,13,1
2015-09-17 13:37:42,13,1
2015-09-17 12:11:24,12,1
2015-09-17 10:49:59,10,1
2015-09-17 10:48:56,10,1
2015-09-17 09:15:23,9,1
2015-09-17 09:15:15,9,1
2015-09-17 09:14:47,9,1
2015-09-17 09:14:36,9,1
2015-09-17 09:14:28,9,1
2015-09-17 09:14:14,9,1
2015-09-17 07:30:33,7,1
2015-09-17 06:56:11,6,1
2015-09-17 06:54:10,6,1
2015-09-16 11:36:10,11,1
2015-09-16 06:21:47,6,1
2015-09-14 22:43:04,22,1
2015-09-14 22:03:44,22,1
2015-09-14 21:56:42,21,1
2015-09-13 19:10:53,19,1
2015-09-13 19:09:17,19,1
2015-09-05 10:49:21,10,1
2015-09-04 17:37:43,17,1
2015-09-03 16:06:39,16,1
2015-09-02 12:58:07,12,1
2015-09-01 11:55:58,11,1
2015-08-27 07:41:47,7,1
2015-08-26 06:37:26,6,1
2015-08-25 23:17:18,23,1
2015-08-25 23:11:47,23,1
2015-08-24 23:12:40,23,1
2015-08-24 23:08:00,23,1
2015-08-24 23:01:11,23,1
2015-08-24 22:57:31,22,1
2015-08-24 22:55:58,22,1
2015-08-24 17:41:37,17,1
2015-08-24 15:45:47,15,1
2015-08-24 13:17:12,13,1
2015-08-24 13:06:48,13,1
2015-08-24 12:59:02,12,1
2015-08-23 09:21:47,9,1
2015-08-22 14:41:54,14,1
2015-08-21 22:18:38,22,1
2015-08-21 22:18:11,22,1
2015-08-21 22:15:58,22,1
2015-08-21 05:09:04,5,1
2015-08-21 04:53:22,4,1
2015-08-21 02:55:04,2,1
2015-08-21 00:35:31,0,1
2015-08-20 10:56:51,10,1
2015-08-20 10:53:54,10,1
2015-08-19 22:49:45,22,1
2015-08-19 22:27:35,22,1
2015-08-18 23:25:30,23,1
2015-08-18 23:11:32,23,1
2015-08-18 22:59:50,22,1
2015-08-17 23:27:14,23,1
2015-08-17 11:17:16,11,1
2015-08-16 01:49:27,1,1
2015-08-13 03:43:54,3,1
2015-08-11 22:30:46,22,1
2015-08-11 13:38:09,13,1
2015-08-11 13:37:32,13,1
2015-08-10 13:29:05,13,1
2015-08-10 12:23:23,12,1
2015-08-09 06:28:21,6,1
2015-08-09 06:22:19,6,1
2015-08-09 04:27:53,4,1
2015-08-09 04:26:35,4,1
2015-08-07 20:23:55,20,1
2015-08-07 19:40:04,19,1
2015-08-07 15:13:35,15,1
2015-08-07 11:03:18,11,1
2015-08-07 11:02:41,11,1
2015-08-07 11:02:27,11,1
2015-08-07 11:02:02,11,1
2015-08-06 15:38:43,15,1
2015-08-05 18:31:46,18,1
2015-08-04 17:36:14,17,1
2015-08-04 17:32:30,17,1
2015-08-04 11:16:43,11,1
2015-08-04 11:10:42,11,1
2015-08-04 11:08:12,11,1
2015-08-04 11:06:04,11,1
2015-08-04 05:14:53,5,1
2015-08-04 05:13:34,5,1
2015-08-04 05:12:55,5,1
2015-08-03 16:40:37,16,1
2015-08-03 16:02:15,16,1
2015-08-03 14:33:39,14,1
2015-08-03 14:30:07,14,1
2015-08-03 14:19:48,14,1
2015-08-02 21:02:50,21,1
2015-08-02 20:58:27,20,1
2015-08-02 20:27:01,20,1
2015-08-02 17:52:26,17,1
2015-08-02 17:50:38,17,1
2015-08-01 15:38:11,15,1
2015-07-31 11:12:56,11,1
2015-07-31 11:11:18,11,1
2015-07-31 11:08:21,11,1
2015-07-30 22:45:44,22,1
2015-07-30 17:54:24,17,1
2015-07-30 17:36:39,17,1
2015-07-30 17:31:43,17,1
2015-07-30 17:30:57,17,1
2015-07-30 17:28:30,17,1
2015-07-30 17:26:25,17,1
2015-07-30 13:17:14,13,1
2015-07-29 18:36:47,18,1
2015-07-29 14:43:50,14,1
2015-07-29 04:23:52,4,1
2015-07-29 04:22:16,4,1
2015-07-29 04:21:42,4,1
2015-07-29 03:03:46,3,1
2015-07-28 23:29:55,23,1
2015-07-28 23:12:24,23,1
2015-07-28 22:19:02,22,1
2015-07-28 17:42:03,17,1
2015-07-28 12:01:49,12,1
2015-07-28 11:17:17,11,1
2015-07-28 11:12:56,11,1
2015-07-28 11:12:04,11,1
2015-07-27 20:01:54,20,1
2015-07-27 20:01:23,20,1
2015-07-27 19:57:58,19,1
2015-07-27 19:56:36,19,1
2015-07-27 19:55:43,19,1
2015-07-27 19:52:34,19,1
2015-07-27 19:52:02,19,1
2015-07-27 03:52:35,3,1
2015-07-27 03:51:36,3,1
2015-07-27 03:51:10,3,1
2015-07-25 12:18:50,12,1
2015-07-24 14:17:23,14,1
2015-07-23 21:30:06,21,1
2015-07-23 12:13:01,12,1
2015-07-23 00:04:05,0,1
2015-07-22 23:53:27,23,1
2015-07-22 23:52:18,23,1
2015-07-22 23:45:26,23,1
2015-07-22 23:44:24,23,1
2015-07-22 20:36:10,20,1
2015-07-22 20:09:00,20,1
2015-07-22 20:06:43,20,1
2015-07-22 19:04:33,19,1
2015-07-22 19:02:10,19,1
2015-07-22 14:24:26,14,1
2015-07-22 10:56:36,10,1
2015-07-21 22:18:16,22,1
2015-07-21 22:15:10,22,1
2015-07-21 15:55:35,15,1
2015-07-21 15:46:41,15,1
2015-07-21 15:41:44,15,1
2015-07-21 12:58:21,12,1
2015-07-21 12:58:04,12,1
2015-07-21 12:02:44,12,1
2015-07-21 10:54:56,10,1
2015-07-21 10:53:09,10,1
2015-07-21 01:07:52,1,1
2015-07-20 23:58:04,23,1
2015-07-20 23:51:33,23,1
2015-07-20 23:50:53,23,1
2015-07-20 23:50:27,23,1
2015-07-20 23:49:57,23,1
2015-07-20 23:49:28,23,1
2015-07-20 21:09:05,21,1
2015-07-20 20:57:53,20,1
2015-07-20 20:53:32,20,1
2015-07-20 20:38:13,20,1
2015-07-20 19:38:39,19,1
2015-07-20 19:16:17,19,1
2015-07-20 18:22:41,18,1
2015-07-20 17:37:59,17,1
2015-07-20 16:21:36,16,1
2015-07-20 10:39:04,10,1
2015-07-20 04:12:17,4,1
2015-07-20 04:09:13,4,1
2015-07-19 22:54:00,22,1
2015-07-19 15:14:56,15,1
2015-07-18 01:19:04,1,1
2015-07-13 12:44:13,12,1
2015-07-12 02:43:24,2,1
2015-07-12 02:42:36,2,1
2015-07-10 15:19:13,15,1
2015-07-10 13:56:57,13,1
2015-07-10 13:53:10,13,1
2015-07-09 15:18:42,15,1
2015-07-09 15:12:59,15,1
2015-07-09 15:11:01,15,1
2015-07-09 15:04:22,15,1
2015-07-09 14:40:09,14,1
2015-07-08 18:34:09,18,1
2015-07-08 18:27:51,18,1
2015-07-08 14:41:04,14,1
2015-07-07 23:51:36,23,1
2015-07-07 23:50:06,23,1
2015-07-07 23:05:34,23,1
2015-07-07 23:03:49,23,1
2015-07-07 23:00:10,23,1
2015-07-07 22:49:53,22,1
2015-07-07 13:22:57,13,1
2015-07-07 11:07:54,11,1
2015-07-07 10:40:02,10,1
2015-07-07 10:37:33,10,1
2015-07-07 10:33:44,10,1
2015-07-07 02:41:46,2,1
2015-07-06 23:38:51,23,1
2015-07-06 15:15:42,15,1
2015-07-06 14:15:51,14,1
2015-07-06 10:23:04,10,1
2015-07-05 13:55:34,13,1
2015-07-05 01:27:42,1,1
2015-07-05 01:26:35,1,1
2015-07-05 01:25:56,1,1
2015-07-05 00:33:05,0,1
2015-06-28 14:23:49,14,1
2015-06-28 07:46:42,7,1
2015-06-28 00:14:36,0,1
2015-06-27 19:08:33,19,1
2015-06-27 10:50:03,10,1
2015-06-27 10:49:53,10,1
2015-06-27 10:47:07,10,1
2015-06-26 13:54:42,13,1
2015-06-26 07:58:34,7,1
2015-06-20 16:55:24,16,1
2015-06-19 14:50:32,14,1
2015-06-19 14:40:29,14,1
2015-06-19 14:38:53,14,1
2015-06-19 07:15:48,7,1
2015-06-15 21:32:42,21,1
2015-06-15 21:26:10,21,1
2015-06-15 21:22:26,21,1
2015-06-14 17:32:54,17,1
2015-06-14 17:10:43,17,1
2015-06-14 16:42:25,16,1
2015-06-14 16:39:26,16,1
2015-06-14 15:12:56,15,1
2015-06-14 14:51:09,14,1
2015-06-14 13:28:12,13,1
2015-06-14 13:21:00,13,1
2015-06-14 13:20:47,13,1
2015-06-14 13:01:35,13,1
2015-06-14 10:02:56,10,1
2015-06-14 09:37:19,9,1
2015-06-14 09:35:28,9,1
2015-06-14 09:24:53,9,1
2015-06-13 15:57:32,15,1
2015-06-13 15:56:23,15,1
2015-06-13 15:51:30,15,1
2015-06-13 15:45:40,15,1
2015-06-13 15:38:13,15,1
2015-06-13 15:35:26,15,1
2015-06-13 14:44:56,14,1
2015-06-10 09:39:20,9,1
2015-06-10 09:38:53,9,1
2015-06-10 09:38:38,9,1
2015-06-09 04:26:27,4,1
2015-06-09 04:26:05,4,1
2015-06-07 22:53:37,22,1
2015-06-07 13:49:51,13,1
2015-06-07 11:15:49,11,1
2015-06-07 11:11:01,11,1
2015-06-07 11:07:52,11,1
2015-06-07 11:04:07,11,1
2015-06-07 11:03:32,11,1
2015-06-07 11:00:12,11,1
2015-06-07 07:10:44,7,1
2015-05-10 19:00:06,19,1
2015-05-08 15:55:44,15,1
2015-05-08 15:49:23,15,1
2015-05-08 09:32:54,9,1
2015-05-07 17:41:04,17,1
2015-05-07 17:39:42,17,1
2015-05-07 17:35:39,17,1
2015-05-07 17:35:01,17,1
2015-05-07 17:28:38,17,1
2015-05-07 17:26:44,17,1
2015-05-07 17:25:15,17,1
2015-05-07 17:24:51,17,1
2015-05-07 17:22:43,17,1
2015-05-07 17:13:43,17,1
2015-05-07 17:12:48,17,1
2015-05-07 17:12:42,17,1
2015-05-05 18:05:28,18,1
2015-05-01 19:35:03,19,1
2015-04-29 20:43:17,20,1
2015-04-29 20:00:36,20,1
2015-04-28 20:11:53,20,1
2015-04-28 18:15:02,18,1
2015-04-28 18:14:53,18,1
2015-04-28 18:14:43,18,1
2015-04-28 18:09:00,18,1
2015-04-28 09:34:14,9,1
2015-04-28 09:13:16,9,1
2015-04-28 07:23:30,7,1
2015-04-28 07:16:56,7,1
2015-04-27 21:59:46,21,1
2015-04-27 21:52:00,21,1
2015-04-27 21:48:32,21,1
2015-04-27 20:54:18,20,1
2015-04-27 20:54:08,20,1
2015-04-27 06:07:54,6,1
2015-04-25 14:38:25,14,1
2015-04-25 14:29:05,14,1
2015-04-23 22:28:04,22,1
2015-04-23 10:08:57,10,1
2015-04-23 08:23:26,8,1
2015-04-23 08:18:19,8,1
2015-04-23 07:59:01,7,1
2015-04-23 07:58:47,7,1
2015-04-23 07:50:31,7,1
2015-04-22 08:51:48,8,1
2015-04-22 07:18:06,7,1
2015-04-21 16:43:33,16,1
2015-04-21 08:51:35,8,1
2015-04-21 05:43:48,5,1
2015-04-18 13:52:40,13,1
2015-04-18 08:21:09,8,1
2015-04-18 08:19:55,8,1
2015-04-18 08:19:08,8,1
2015-04-17 16:25:22,16,1
2015-04-17 16:24:28,16,1
2015-04-16 22:23:47,22,1
2015-04-16 22:20:45,22,1
2015-04-16 22:18:14,22,1
2015-04-16 19:47:27,19,1
2015-04-14 05:20:41,5,1
2015-04-13 18:42:55,18,1
2015-04-12 19:00:15,19,1
2015-04-12 18:55:34,18,1
2015-04-11 14:58:36,14,1
2015-04-11 14:56:51,14,1
2015-04-11 14:23:39,14,1
2015-04-11 14:10:36,14,1
2015-04-11 13:50:57,13,1
2015-04-11 11:01:05,11,1
2015-04-11 10:05:10,10,1
2015-04-10 21:36:32,21,1
2015-04-10 06:47:04,6,1
2015-04-09 14:33:56,14,1
2015-04-07 17:02:39,17,1
2015-04-07 07:11:01,7,1
2015-04-07 07:08:33,7,1
2015-04-04 19:57:05,19,1
2015-04-04 18:37:26,18,1
2015-04-03 10:46:55,10,1
2015-04-03 10:46:41,10,1
2015-04-03 00:23:20,0,1
2015-04-03 00:12:06,0,1
2015-03-31 18:16:56,18,1
2015-03-31 18:15:21,18,1
2015-03-31 05:46:56,5,1
2015-03-29 16:46:43,16,1
2015-03-29 16:46:30,16,1
2015-03-29 16:45:27,16,1
2015-03-29 15:58:33,15,1
2015-03-29 15:54:05,15,1
2015-03-29 15:34:37,15,1
2015-03-29 11:42:40,11,1
2015-03-29 11:40:58,11,1
2015-03-28 22:41:25,22,1
2015-03-28 20:00:46,20,1
2015-03-28 19:46:06,19,1
2015-03-28 19:07:43,19,1
2015-03-28 18:57:47,18,1
2015-03-26 11:21:38,11,1
2015-03-25 15:58:54,15,1
2015-03-25 15:56:36,15,1
2015-03-25 14:10:40,14,1
2015-03-25 14:05:34,14,1
2015-03-25 08:47:29,8,1
2015-03-24 17:44:52,17,1
2015-03-24 17:04:34,17,1
2015-03-24 12:43:51,12,1
2015-03-24 10:41:59,10,1
2015-03-24 10:40:22,10,1
2015-03-24 10:23:10,10,1
2015-03-24 07:38:46,7,1
2015-03-22 09:30:03,9,1
2015-03-22 09:11:51,9,1
2015-03-22 09:11:46,9,1
2015-03-21 14:57:21,14,1
2015-03-20 00:05:29,0,1
2015-03-19 22:18:14,22,1
2015-03-17 22:51:32,22,1
2015-03-17 16:11:52,16,1
2015-03-17 14:44:19,14,1
2015-03-17 10:57:30,10,1
2015-03-17 10:55:07,10,1
2015-03-17 10:28:24,10,1
2015-03-17 08:25:39,8,1
2015-03-17 08:21:18,8,1
2015-03-17 08:20:21,8,1
2015-03-16 19:51:35,19,1
2015-03-15 22:38:00,22,1
2015-03-15 20:44:48,20,1
2015-03-15 20:44:19,20,1
2015-03-15 20:16:10,20,1
2015-03-15 20:10:50,20,1
2015-03-15 20:10:14,20,1
2015-03-15 20:09:36,20,1
2015-03-15 20:08:13,20,1
2015-03-15 20:05:48,20,1
2015-03-15 18:16:47,18,1
2015-03-15 16:17:30,16,1
2015-03-15 15:44:54,15,1
2015-03-15 15:35:32,15,1
2015-03-15 13:51:55,13,1
2015-03-15 13:47:37,13,1
2015-03-15 12:29:48,12,1
2015-03-15 11:27:48,11,1
2015-03-15 09:39:28,9,1
2015-03-14 21:54:58,21,1
2015-03-14 17:45:32,17,1
2015-03-14 11:18:33,11,1
2015-03-14 10:57:23,10,1
2015-03-13 19:44:43,19,1
2015-03-13 09:08:56,9,1
2015-03-12 17:20:17,17,1
2015-03-12 13:18:16,13,1
2015-03-11 12:38:35,12,1
2015-03-10 22:41:28,22,1
2015-03-10 17:30:37,17,1
2015-03-10 11:24:24,11,1
2015-03-10 11:22:17,11,1
2015-03-10 07:51:06,7,1
2015-03-09 21:45:39,21,1
2015-03-09 21:37:45,21,1
2015-03-09 21:35:24,21,1
2015-03-08 00:21:39,0,1
2015-03-07 13:19:25,13,1
2015-03-07 10:59:08,10,1
2015-03-07 10:58:29,10,1
2015-03-06 22:31:59,22,1
2015-03-06 22:30:51,22,1
2015-03-06 22:26:49,22,1
2015-03-05 15:01:32,15,1
2015-03-04 13:59:53,13,1
2015-03-04 10:19:42,10,1
2015-03-03 22:36:54,22,1
2015-03-03 12:53:42,12,1
2015-03-03 07:04:33,7,1
2015-03-01 17:47:04,17,1
2015-03-01 16:58:14,16,1
2015-03-01 12:33:15,12,1
2015-03-01 12:11:00,12,1
2015-03-01 12:06:24,12,1
2015-03-01 08:52:56,8,1
2015-03-01 08:50:41,8,1
2015-03-01 08:50:26,8,1
2015-02-28 22:08:02,22,1
2015-02-27 17:49:41,17,1
2015-02-27 17:44:26,17,1
2015-02-26 11:40:26,11,1
2015-02-26 11:32:36,11,1
2015-02-26 10:38:21,10,1
2015-02-26 09:50:22,9,1
2015-02-25 21:12:36,21,1
2015-02-25 21:12:01,21,1
2015-02-25 21:11:17,21,1
2015-02-25 12:23:51,12,1
2015-02-25 11:33:43,11,1
2015-02-25 10:43:23,10,1
2015-02-24 16:29:29,16,1
2015-02-24 12:49:41,12,1
2015-02-23 10:50:39,10,1
2015-02-23 10:26:36,10,1
2015-02-22 20:15:54,20,1
2015-02-22 19:41:45,19,1
2015-02-22 19:41:26,19,1
2015-02-22 19:37:45,19,1
2015-02-19 20:08:11,20,1
2015-02-19 20:05:06,20,1
2015-02-19 20:04:55,20,1
2015-02-19 08:22:24,8,1
2015-02-19 07:35:47,7,1
2015-02-19 07:35:04,7,1
2015-02-18 21:18:36,21,1
2015-02-18 21:11:57,21,1
2015-02-16 23:18:34,23,1
2015-02-16 18:27:40,18,1
2015-02-16 18:24:55,18,1
2015-02-16 18:23:44,18,1
2015-02-16 18:22:28,18,1
2015-02-15 20:52:57,20,1
2015-02-14 16:08:09,16,1
2015-02-14 16:05:30,16,1
2015-02-14 05:54:06,5,1
2015-02-13 09:34:05,9,1
2015-02-10 18:29:55,18,1
2015-02-10 17:41:36,17,1
2015-02-10 13:18:38,13,1
2015-02-08 13:32:53,13,1
2015-02-08 10:48:18,10,1
2015-01-30 17:40:34,17,1
2015-01-28 22:55:24,22,1
2015-01-28 22:34:56,22,1
2015-01-27 11:32:03,11,1
2015-01-26 11:11:55,11,1
2015-01-25 10:48:42,10,1
2015-01-24 23:46:23,23,1
2015-01-24 23:01:39,23,1
2015-01-24 21:47:23,21,1
2015-01-24 17:45:51,17,1
2015-01-24 17:00:01,17,1
2015-01-24 16:56:51,16,1
2015-01-24 16:39:10,16,1
2015-01-24 07:42:55,7,1
2015-01-24 00:03:30,0,1
2015-01-23 19:22:54,19,1
2015-01-23 19:19:33,19,1
2015-01-23 14:40:59,14,1
2015-01-22 19:21:42,19,1
2015-01-20 18:14:25,18,1
2015-01-20 12:48:41,12,1
2015-01-20 12:46:54,12,1
2015-01-20 09:13:20,9,1
2015-01-19 10:42:54,10,1
2015-01-19 10:40:00,10,1
2015-01-18 14:48:27,14,1
2015-01-17 21:26:12,21,1
2015-01-17 20:39:23,20,1
2015-01-17 15:22:54,15,1
2015-01-17 15:21:22,15,1
2015-01-15 22:08:15,22,1
2015-01-15 05:55:52,5,1
2015-01-13 13:27:23,13,1
2015-01-13 13:24:04,13,1
2015-01-13 13:23:24,13,1
2015-01-13 13:23:02,13,1
2015-01-13 13:16:28,13,1
2015-01-08 17:00:38,17,1
2015-01-06 21:50:23,21,1
2015-01-06 17:43:06,17,1
2015-01-03 23:10:36,23,1
2015-01-03 14:36:45,14,1
2015-01-03 14:30:28,14,1
2015-01-03 14:28:57,14,1
2015-01-02 19:08:40,19,1
2015-01-02 19:03:06,19,1
2015-01-02 19:02:39,19,1
2014-12-30 08:44:41,8,1
2014-12-29 22:27:21,22,1
2014-12-28 22:33:04,22,1
2014-12-28 20:46:14,20,1
2014-12-28 20:42:12,20,1
2014-12-28 20:41:38,20,1
2014-12-28 10:01:31,10,1
2014-12-14 20:47:16,20,1
2014-12-14 20:40:18,20,1
2014-12-14 20:39:14,20,1
2014-12-14 20:33:34,20,1
2014-12-12 12:38:21,12,1
2014-12-10 13:35:45,13,1
2014-12-06 23:15:50,23,1
2014-12-06 23:11:11,23,1
2014-12-06 07:55:32,7,1
2014-12-03 07:37:00,7,1
2014-12-03 07:33:57,7,1
2014-12-01 17:22:16,17,1
2014-11-29 22:40:42,22,1
2014-11-29 20:20:25,20,1
2014-11-27 17:46:16,17,1
2014-11-22 09:26:04,9,1
2014-11-20 20:44:54,20,1
2014-11-20 16:24:56,16,1
2014-11-19 11:34:09,11,1
2014-11-11 08:51:40,8,1
2014-11-09 09:37:44,9,1
2014-11-08 09:49:29,9,1
2014-11-07 23:30:32,23,1
2014-11-07 23:30:28,23,1
2014-11-07 21:07:05,21,1
2014-11-07 17:24:33,17,1
2014-11-02 13:12:16,13,1
2014-11-01 16:39:51,16,1
2014-11-01 16:23:37,16,1
2014-11-01 13:46:16,13,1
2014-10-26 11:21:38,11,1
2014-10-24 21:32:47,21,1
2014-10-24 05:58:55,5,1
2014-10-23 14:52:07,14,1
2014-10-23 14:51:05,14,1
2014-10-21 06:04:25,6,1
2014-10-20 11:51:17,11,1
2014-10-18 12:46:07,12,1
2014-10-18 05:54:45,5,1
2014-10-13 16:12:31,16,1
2014-10-13 16:08:11,16,1
2014-10-13 15:44:41,15,1
2014-10-09 15:16:37,15,1
2014-10-06 19:59:32,19,1
2014-10-05 21:35:00,21,1
2014-10-05 21:24:15,21,1
2014-10-05 21:14:25,21,1
2014-10-05 20:47:35,20,1
2014-10-05 20:32:47,20,1
2014-10-05 17:19:22,17,1
2014-10-03 09:26:03,9,1
2014-09-14 18:30:32,18,1
2014-09-14 07:56:31,7,1
2014-09-13 00:05:36,0,1
2014-09-11 12:01:56,12,1
2014-08-25 07:27:05,7,1
2014-08-20 08:53:21,8,1
2014-08-15 11:22:08,11,1
2014-08-12 23:37:33,23,1
2014-08-12 05:38:34,5,1
2014-08-11 21:32:54,21,1
2014-08-11 21:27:58,21,1
2014-08-08 17:08:13,17,1
2014-08-08 17:03:16,17,1
2014-08-06 21:31:59,21,1
2014-08-03 20:06:56,20,1
2014-08-02 11:33:23,11,1
2014-07-31 17:47:01,17,1
2014-07-28 20:54:45,20,1
2014-07-11 20:19:51,20,1
2014-07-10 07:50:59,7,1
2014-07-09 21:05:57,21,1
2014-07-09 21:00:25,21,1
2014-07-09 08:13:40,8,1
2014-07-09 08:04:32,8,1
2014-07-08 22:34:02,22,1
2014-07-08 18:57:36,18,1
2014-07-05 09:21:21,9,1
2014-07-05 09:20:25,9,1
2014-07-04 19:12:15,19,1
2014-07-04 19:09:37,19,1
2014-07-04 17:00:28,17,1
2014-07-04 16:16:39,16,1
2014-07-04 16:08:03,16,1
2014-07-01 19:24:27,19,1
2014-06-29 17:50:03,17,1
2014-06-27 20:27:19,20,1
2014-06-25 17:30:16,17,1
2014-06-25 17:30:09,17,1
2014-06-25 17:16:49,17,1
2014-06-22 07:28:22,7,1
2014-06-22 07:25:00,7,1
2014-06-15 15:56:08,15,1
2014-06-13 20:45:43,20,1
2014-06-07 17:26:31,17,1
2014-06-07 06:11:13,6,1
2014-06-05 20:45:25,20,1
2014-06-05 20:42:00,20,1
2014-06-05 20:40:39,20,1
2014-05-30 17:03:59,17,1
2014-05-27 18:30:37,18,1
2014-05-27 18:27:20,18,1
2014-05-25 17:08:58,17,1
2014-05-24 21:39:57,21,1
2014-05-22 22:20:52,22,1
2014-05-22 22:19:41,22,1
2014-05-22 19:39:29,19,1
2014-05-22 18:45:54,18,1
2014-05-22 14:57:23,14,1
2014-05-22 14:27:00,14,1
2014-05-20 20:45:57,20,1
2014-05-20 20:41:51,20,1
2014-05-08 19:14:42,19,1
2014-05-08 18:19:06,18,1
2014-05-08 16:54:15,16,1
2014-05-07 07:21:58,7,1
2014-05-05 19:46:27,19,1
2014-05-04 22:08:18,22,1
2014-05-04 17:52:52,17,1
2014-05-04 17:45:54,17,1
2014-04-27 18:05:27,18,1
2014-04-06 06:06:56,6,1
2014-04-01 19:52:43,19,1
2014-03-31 20:47:34,20,1
2014-03-23 20:28:51,20,1
2014-03-18 20:11:08,20,1
2014-03-16 10:41:54,10,1
2014-02-26 07:26:53,7,1
2014-02-26 07:25:43,7,1
2014-02-25 21:15:27,21,1
2014-02-16 21:57:39,21,1
2014-02-15 16:10:26,16,1
2014-02-09 21:27:46,21,1
2014-02-09 21:27:39,21,1
2014-02-07 18:48:55,18,1
2014-02-04 21:02:46,21,1
2014-02-04 19:04:47,19,1
2014-02-03 22:22:43,22,1
2014-02-03 19:42:17,19,1
2014-01-30 21:05:52,21,1
2014-01-30 21:04:42,21,1
2014-01-30 21:04:35,21,1
2014-01-29 22:29:02,22,1
2014-01-23 22:12:48,22,1
2014-01-20 16:14:42,16,1
2014-01-20 16:03:37,16,1
2014-01-14 17:34:22,17,1
2014-01-14 06:18:02,6,1
2014-01-04 18:48:31,18,1
2013-12-31 13:46:47,13,1
2013-12-29 21:31:00,21,1
2013-12-18 21:37:52,21,1
2013-12-15 20:04:39,20,1
2013-12-15 19:25:01,19,1
2013-12-08 18:52:09,18,1
2013-11-18 22:35:29,22,1
2013-11-01 18:20:32,18,1
2013-10-31 18:30:09,18,1
2013-10-31 18:29:37,18,1
2013-10-31 10:50:45,10,1
2013-10-30 20:28:55,20,1
2013-10-30 20:27:34,20,1
2013-10-30 20:24:16,20,1
2013-10-30 20:19:26,20,1
2013-10-30 19:27:19,19,1
2013-10-27 14:04:19,14,1
2013-10-27 14:03:51,14,1
2013-10-27 14:03:25,14,1
2013-10-27 14:02:47,14,1
2013-10-27 14:01:55,14,1
2013-10-27 14:00:58,14,1
2013-10-27 14:00:28,14,1
2013-10-27 13:57:14,13,1
2013-10-27 13:56:26,13,1
2013-10-27 13:55:46,13,1
2013-10-27 13:54:32,13,1
2013-10-27 13:53:59,13,1
2013-10-27 10:05:37,10,1
2013-10-27 08:49:52,8,1
2013-10-27 08:49:03,8,1
2013-10-26 23:58:33,23,1
2013-10-26 23:58:09,23,1
2013-10-26 21:45:12,21,1
2013-10-26 17:58:39,17,1
2013-10-26 17:55:15,17,1
2013-10-20 21:04:09,21,1
2013-10-20 20:37:27,20,1
2013-10-20 20:00:42,20,1
2013-10-05 15:02:01,15,1
2013-10-04 17:01:22,17,1
2013-10-02 20:52:35,20,1
2013-09-29 19:20:07,19,1
2013-09-29 19:12:46,19,1
2013-09-28 20:17:56,20,1
2013-09-28 20:17:44,20,1
2013-09-24 20:53:15,20,1
2013-09-24 20:16:09,20,1
2013-09-24 20:15:43,20,1
2013-09-24 04:15:57,4,1
2013-09-24 04:14:54,4,1
2013-09-21 19:19:11,19,1
2013-09-20 18:18:11,18,1
2013-09-20 18:11:24,18,1
2013-09-19 20:33:12,20,1
2013-09-19 20:15:46,20,1
2013-09-19 19:54:08,19,1
2013-09-19 19:46:19,19,1
2013-09-18 20:57:13,20,1
2013-09-18 20:41:10,20,1
2013-09-18 20:02:33,20,1
2013-09-16 21:38:56,21,1
2013-09-16 20:41:12,20,1
2013-09-16 20:37:51,20,1
2013-09-16 20:35:07,20,1
2013-09-16 20:26:28,20,1
2013-09-16 20:21:53,20,1
2013-09-16 20:19:25,20,1
2013-09-16 18:58:12,18,1
2013-09-16 18:47:14,18,1
2013-09-16 18:42:06,18,1
2013-09-16 18:31:34,18,1
2013-09-16 18:26:23,18,1
2013-09-16 18:24:42,18,1
2013-09-16 18:20:51,18,1
2013-09-16 18:19:28,18,1
2013-09-16 18:17:43,18,1
2013-09-15 19:44:19,19,1
2013-09-15 19:39:03,19,1
2013-09-15 19:37:59,19,1
2013-09-15 19:37:13,19,1
2013-09-15 19:35:29,19,1
2013-09-15 19:18:53,19,1
2013-09-15 18:46:03,18,1
2013-09-15 18:40:33,18,1
2013-09-15 18:32:17,18,1
2013-09-15 18:29:30,18,1
2013-09-15 18:27:57,18,1
2013-09-15 18:26:11,18,1
2013-09-15 18:24:03,18,1
2013-09-15 18:22:05,18,1
2013-09-15 16:47:37,16,1
2013-09-15 14:19:39,14,1
2013-09-15 14:13:05,14,1
2013-09-15 14:10:30,14,1
2013-09-15 12:50:41,12,1
2013-09-15 12:19:53,12,1
2013-09-14 17:58:23,17,1
2013-09-14 17:56:16,17,1
2013-09-11 21:01:36,21,1
2013-09-10 20:31:23,20,1
2013-09-10 20:30:37,20,1
2013-09-10 17:29:15,17,1
2013-09-10 17:18:38,17,1
2013-09-09 20:47:04,20,1
2013-09-08 17:20:25,17,1
2013-09-07 09:34:13,9,1
2013-09-06 21:39:55,21,1
2013-09-06 20:57:35,20,1
2013-09-06 20:52:40,20,1
2013-09-06 20:46:10,20,1
2013-09-06 20:41:59,20,1
2013-09-06 20:40:03,20,1
2013-09-06 20:38:21,20,1
2013-09-06 20:31:39,20,1
2013-09-05 18:32:48,18,1
2013-09-03 18:53:57,18,1
2013-09-03 18:51:27,18,1
2013-09-03 18:50:31,18,1
2013-09-01 17:40:02,17,1
2013-09-01 16:58:32,16,1
2013-08-31 17:20:37,17,1
2013-08-30 20:44:13,20,1
2013-08-30 20:39:19,20,1
2013-08-29 20:21:57,20,1
2013-08-29 20:01:09,20,1
2013-08-29 18:55:55,18,1
2013-08-29 18:32:59,18,1
2013-08-27 21:25:12,21,1
2013-08-24 12:57:32,12,1
2013-08-24 12:09:47,12,1
2013-08-22 17:27:09,17,1
2013-08-02 19:55:02,19,1
2013-07-31 20:31:48,20,1
2013-07-31 20:22:03,20,1
2013-07-31 14:49:37,14,1
2013-07-31 14:44:56,14,1
2013-07-31 14:44:19,14,1
2013-07-31 14:38:41,14,1
2013-07-31 14:37:59,14,1
2013-07-31 14:36:49,14,1
2013-07-31 14:31:43,14,1
2013-07-31 14:27:22,14,1
2013-07-31 14:23:50,14,1
2013-07-31 14:21:14,14,1
2013-07-31 14:14:50,14,1
2013-07-31 14:09:59,14,1
2013-07-31 13:49:28,13,1
2013-07-31 13:30:01,13,1
2013-07-30 22:19:26,22,1
2013-07-30 22:18:00,22,1
2013-07-30 22:00:47,22,1
2013-07-30 21:58:38,21,1
2013-07-30 21:56:09,21,1
2013-07-29 12:56:08,12,1
2013-07-29 11:42:30,11,1
2013-07-29 10:29:36,10,1
2013-07-29 07:35:28,7,1
2013-07-28 22:01:54,22,1
2013-07-28 21:53:26,21,1
2013-07-28 21:48:24,21,1
2013-07-27 19:42:42,19,1
2013-07-05 19:55:44,19,1
2013-07-05 19:52:44,19,1
2013-07-05 19:51:42,19,1
2013-07-05 19:50:28,19,1
2013-07-05 19:49:31,19,1
2013-07-05 19:48:47,19,1
2013-06-28 20:22:33,20,1
2013-06-21 18:10:13,18,1
2013-06-19 19:18:30,19,1
2013-06-19 19:17:11,19,1
2013-06-19 17:20:14,17,1
2013-06-18 20:01:05,20,1
2013-06-16 15:29:13,15,1
2013-06-13 19:35:08,19,1
2013-06-13 19:32:54,19,1
2013-06-13 18:41:39,18,1
2013-06-13 17:59:28,17,1
2013-06-09 20:31:27,20,1
2013-06-07 16:23:38,16,1
2013-06-07 16:09:00,16,1
2013-06-06 19:08:47,19,1
2013-06-06 18:58:36,18,1
2013-06-06 18:57:21,18,1
2013-06-06 18:41:44,18,1
2013-06-06 18:40:09,18,1
2013-06-06 18:39:37,18,1
2013-06-05 22:36:37,22,1
2013-06-04 19:33:15,19,1
2013-06-04 19:32:35,19,1
2013-06-02 21:58:29,21,1
2013-06-02 13:56:23,13,1
2013-06-02 13:56:00,13,1
2013-06-02 13:55:17,13,1
2013-05-30 19:59:31,19,1
2013-05-26 13:13:29,13,1
2013-05-26 13:11:37,13,1
2013-05-25 17:20:00,17,1
2013-05-25 11:18:39,11,1
2013-05-23 18:23:03,18,1
2013-05-23 17:49:35,17,1
2013-05-15 19:57:48,19,1
2013-05-15 19:47:05,19,1
2013-05-15 05:45:29,5,1
2013-05-14 19:38:26,19,1
2013-05-05 18:24:02,18,1
2013-05-05 15:22:42,15,1
2013-04-25 17:16:31,17,1
2013-04-24 12:42:46,12,1
2013-04-23 22:11:43,22,1
2013-04-21 21:05:30,21,1
2013-04-21 20:53:59,20,1
2013-04-21 20:51:09,20,1
2013-04-21 20:50:56,20,1
2013-04-09 19:29:30,19,1
2013-04-09 19:26:16,19,1
2013-04-09 19:25:56,19,1
2013-04-08 19:35:42,19,1
2013-04-08 19:32:32,19,1
2013-04-08 19:24:46,19,1
2013-04-08 19:19:09,19,1
2013-04-08 19:13:00,19,1
2013-04-08 19:11:27,19,1
2013-04-08 19:08:35,19,1
2013-04-08 19:06:05,19,1
2013-04-08 19:04:08,19,1
2013-04-08 19:03:47,19,1
2013-04-08 19:00:37,19,1
2013-04-08 18:15:15,18,1
2013-04-07 17:55:18,17,1
2013-04-07 09:41:18,9,1
2013-04-06 15:41:06,15,1
2013-04-03 05:37:49,5,1
2013-04-02 19:31:23,19,1
2013-04-02 19:31:10,19,1
2013-04-02 19:30:47,19,1
2013-04-01 20:17:21,20,1
2013-04-01 20:15:58,20,1
2013-04-01 20:15:34,20,1
2013-04-01 20:15:03,20,1
2013-04-01 20:13:29,20,1
2013-03-21 21:27:51,21,1
2013-03-21 21:19:59,21,1
2013-03-21 21:19:41,21,1
2013-03-19 21:23:33,21,1
2013-03-17 09:11:33,9,1
2013-03-15 08:53:07,8,1
2013-03-15 07:59:06,7,1
2013-03-14 21:38:58,21,1
2013-03-14 21:38:34,21,1
2013-03-14 21:34:54,21,1
2013-03-14 20:27:49,20,1
2013-03-14 20:26:36,20,1
2013-03-09 22:35:04,22,1
2013-02-28 19:54:18,19,1
2013-02-24 14:29:12,14,1
2013-02-19 19:57:22,19,1
2013-02-19 19:56:13,19,1
2013-02-17 17:26:28,17,1
2013-02-17 17:17:17,17,1
2013-02-15 15:00:53,15,1
2013-02-12 20:53:31,20,1
2013-02-11 20:18:49,20,1
2013-02-11 20:11:04,20,1
2013-02-10 19:28:15,19,1
2013-02-10 17:59:21,17,1
2013-02-10 17:42:33,17,1
2013-02-10 17:29:12,17,1
2013-02-10 12:18:48,12,1
2013-02-10 12:18:46,12,1
2013-02-10 12:18:39,12,1
2013-02-10 12:17:54,12,1
2013-02-07 20:47:26,20,1
2013-02-07 20:38:13,20,1
2013-02-07 20:34:48,20,1
2013-02-07 20:33:52,20,1
2013-02-07 20:33:43,20,1
2013-02-07 20:30:31,20,1
2013-02-07 20:27:18,20,1
2013-02-05 19:36:50,19,1
2013-02-05 19:24:43,19,1
2013-02-05 18:44:45,18,1
2013-01-30 18:46:33,18,1
2013-01-28 20:16:17,20,1
2013-01-28 20:11:25,20,1
2013-01-28 20:09:28,20,1
2013-01-28 20:07:28,20,1
2013-01-27 22:37:05,22,1
2013-01-24 19:32:54,19,1
2012-12-29 23:35:48,23,1
2012-12-26 11:14:51,11,1
2012-12-18 21:56:51,21,1
2012-11-28 22:02:00,22,1
2012-11-28 20:59:38,20,1
2012-11-27 19:18:12,19,1
2012-11-12 21:08:11,21,1
2012-11-09 19:07:28,19,1
2012-11-09 18:30:04,18,1
2012-10-15 20:35:25,20,1
2012-10-15 20:33:36,20,1
2012-10-15 20:16:53,20,1
2012-10-11 21:04:45,21,1
2012-10-01 18:51:13,18,1
2012-10-01 18:49:53,18,1
2012-10-01 18:49:05,18,1
2012-09-29 22:32:14,22,1
2012-09-27 05:09:32,5,1
2012-09-26 20:20:08,20,1
2012-09-26 16:10:24,16,1
2012-09-26 15:36:16,15,1
2012-09-24 19:07:37,19,1
2012-09-23 15:29:25,15,1
2012-09-23 15:28:12,15,1
2012-09-23 01:27:07,1,1
2012-09-22 09:18:39,9,1
2012-09-21 07:04:19,7,1
2012-09-18 19:08:00,19,1
2012-09-09 16:33:16,16,1
2012-09-08 18:24:13,18,1
2012-08-31 19:17:54,19,1
2012-08-26 20:45:51,20,1
2012-08-25 18:37:23,18,1
2012-08-24 13:52:27,13,1
2012-08-24 11:13:30,11,1
2012-08-23 16:19:18,16,1
2012-08-23 16:16:57,16,1
2012-08-22 19:03:26,19,1
2012-08-22 13:53:36,13,1
2012-08-02 18:09:27,18,1
2012-07-31 21:55:55,21,1
2012-07-31 16:50:44,16,1
2012-06-20 18:51:40,18,1
2012-06-05 19:18:39,19,1
2012-04-16 20:12:58,20,1
2012-04-16 08:45:11,8,1
2012-04-12 19:51:20,19,1
2012-04-11 17:01:31,17,1
2012-02-09 19:47:17,19,1
2012-01-21 18:47:01,18,1
2012-01-15 19:22:27,19,1
2012-01-15 17:17:54,17,1
2012-01-08 17:18:48,17,1
2011-11-29 21:05:53,21,1
2011-11-29 19:37:03,19,1
2011-11-28 20:43:55,20,1
2011-11-19 13:30:10,13,1
2011-11-18 20:28:48,20,1
2011-11-04 19:19:29,19,1
2011-11-03 20:28:29,20,1
